pageid,chaxunid,name
300000000001,1,danchunjianbianka
300000000002,2,jianbianka-niudong
300000000003,3,jianbianka-yaodong
300000000004,4,jianbianka-redyu
300000000005,5,jianbianka-qipaoyu
300000000006,6,jianbianka-tanchuang_tongyong
300000000007,7,jianbianka-tanchuang_hongbao
300000000008,8,jianbianka-lahuo
300000000009,9,jianbianka-jihuo
300000000010,10,jianbianka-niu_redrain
300000000011,11,jianbianka-niu_fulitongyong
300000000012,12,jianbianka-niu_lahuo
300000000013,13,jianbianka-red_fulitongyong
300000000014,14,jianbianka-red_lahuo
300000000015,15,jianbianka-fulitongyong_lahuo
300000000016,16,jianbianka-niu_red_fulitongyong
300000000017,17,jianbianka-niu_red_lahuo
300000000018,18,jianbianka-niu_fulitongyong_lahuo
300000000019,19,jianbianka-red_fulitongyong_lahuo
300000000020,20,jianbianka-red_fulitongyong_lahuo
300000000021,21,jianbianka-miu_qipao
300000000022,22,jianbianka-qipao_fulitongyong
300000000023,23,jianbianka-qipao_lahuo
300000000024,24,jianbianka-niu_qipao_fulitongyong
300000000025,25,jianbianka-niu_qipao_lahuo
300000000026,26,jianbianka-qipao_fulitongyong_lahuo
300000000027,27,jianbianka-niu_qipao_fulitongyong_lahuo
300000000028,28,jianbianka-niu_jihuo
300000000029,29,jianbianka-red_jihuo
300000000030,30,jianbianka-fulitongyong_jihuo
300000000031,31,jianbianka-niu_red_jihuo
300000000032,32,jianbianka-niu_fulitongyong_jihuo
300000000033,33,jianbianka-red_fulitongyong_jihuo
300000000034,34,jianbianka-niu_red_fulitongyong_jihuo
300000000035,35,jianbianka-qipao_jihuo
300000000036,36,jianbianka-niu_qipao_jihuo
300000000037,37,jianbianka-qipao_fulitongyong_jihuo
300000000038,38,jianbianka-niu_qipao_fulitongyong_jihuo
300000000039,39,jianbianka-niu_fulihongbao
300000000040,40,jianbianka-red_fulihongbao
300000000041,41,jianbianka-fulihongbao_lahuo
300000000042,42,jianbianka-niu_red_fulihongbao
300000000043,43,jianbianka-niu_fulihongbao_lahuo
300000000044,44,jianbianka-red_fulihongbao_lahuo
300000000045,45,jianbianka-niu_red_fulihongbao_lahuo
300000000046,46,jianbianka-qipao_fulihongbao
300000000047,47,jianbianka-niu_qipao_fulihongbao
300000000048,48,jianbianka-qipao_fulihongbao_lahuo
300000000049,49,jianbianka-niu_qipao_fulihongbao_lahuo
300000000050,50,jianbianka-fulihongbao_jihuo
300000000051,51,jianbianka-niu_fulihongbao_jihuo
300000000052,52,jianbianka-red_fulihongbao_jihuo
300000000053,53,jianbianka-niu_red_fulihongbao_jihuo
300000000054,54,jianbianka-qipao_fulihongbao_jihuo
300000000055,55,jianbianka-niu_qipao_fulihongbao_jihuo
300000000056,56,tuwen-niudong
300000000057,57,tuwen-yaodong
300000000058,58,tuwen-redyu
300000000059,59,tuwen-qipaoyu
300000000060,60,tuwen-tanchuang_tongyong
300000000061,61,tuwen-tanchuang_hongbao
300000000062,62,tuwen-lahuo
300000000064,63,tuwen-niu_redrain
300000000065,64,tuwen-niu_fulitongyong
300000000066,65,tuwen-niu_lahuo
300000000067,66,tuwen-red_fulitongyong
300000000068,67,tuwen-red_lahuo
300000000069,68,tuwen-fulitongyong_lahuo
300000000070,69,tuwen-niu_red_fulitongyong
300000000071,70,tuwen-niu_red_lahuo
300000000072,71,tuwen-niu_fulitongyong_lahuo
300000000073,72,tuwen-red_fulitongyong_lahuo
300000000074,73,tuwen-red_fulitongyong_lahuo
300000000075,74,tuwen-miu_qipao
300000000076,75,tuwen-qipao_fulitongyong
300000000077,76,tuwen-qipao_lahuo
300000000078,77,tuwen-niu_qipao_fulitongyong
300000000079,78,tuwen-niu_qipao_lahuo
300000000080,79,tuwen-qipao_fulitongyong_lahuo
300000000081,80,tuwen-niu_qipao_fulitongyong_lahuo
300000000093,81,tuwen-niu_fulihongbao
300000000094,82,tuwen-red_fulihongbao
300000000095,83,tuwen-fulihongbao_lahuo
300000000096,84,tuwen-niu_red_fulihongbao
300000000097,85,tuwen-niu_fulihongbao_lahuo
300000000098,86,tuwen-red_fulihongbao_lahuo
300000000099,87,tuwen-niu_red_fulihongbao_lahuo
300000000100,88,tuwen-qipao_fulihongbao
300000000101,89,tuwen-niu_qipao_fulihongbao
300000000102,90,tuwen-qipao_fulihongbao_lahuo
300000000103,91,tuwen-niu_qipao_fulihongbao_lahuo
300000000104,92,tuwen-fulihongbao_jihuo
300000000105,93,tuwen-niu_fulihongbao_jihuo
300000000106,94,tuwen-red_fulihongbao_jihuo
300000000107,95,tuwen-niu_red_fulihongbao_jihuo
300000000108,96,tuwen-qipao_fulihongbao_jihuo
300000000109,97,tuwen-niu_qipao_fulihongbao_jihuo
300000000110,98,tuwen-
300000000111,99,yuyue-niudong
300000000112,100,yuyue-yaodong
300000000113,101,yuyue-redyu
300000000114,102,yuyue-qipaoyu
300000000115,103,yuyue-tanchuang_tongyong
300000000116,104,yuyue-tanchuang_hongbao
300000000117,105,yuyue-lahuo
300000000118,106,yuyue-niu_redrain
300000000119,107,yuyue-niu_fulitongyong
300000000120,108,yuyue-niu_lahuo
300000000121,109,yuyue-red_fulitongyong
300000000122,110,yuyue-red_lahuo
300000000123,111,yuyue-fulitongyong_lahuo
300000000124,112,yuyue-niu_red_fulitongyong
300000000125,113,yuyue-niu_red_lahuo
300000000126,114,yuyue-niu_fulitongyong_lahuo
300000000127,115,yuyue-red_fulitongyong_lahuo
300000000128,116,yuyue-red_fulitongyong_lahuo
300000000129,117,yuyue-miu_qipao
300000000130,118,yuyue-qipao_fulitongyong
300000000131,119,yuyue-qipao_lahuo
300000000132,120,yuyue-niu_qipao_fulitongyong
300000000133,121,yuyue-niu_qipao_lahuo
300000000134,122,yuyue-qipao_fulitongyong_lahuo
300000000135,123,yuyue-niu_qipao_fulitongyong_lahuo
300000000136,124,yuyue-niu_fulihongbao
300000000137,125,yuyue-red_fulihongbao
300000000138,126,yuyue-fulihongbao_lahuo
300000000139,127,yuyue-niu_red_fulihongbao
300000000140,128,yuyue-niu_fulihongbao_lahuo
300000000141,129,yuyue-red_fulihongbao_lahuo
300000000142,130,yuyue-niu_red_fulihongbao_lahuo
300000000143,131,yuyue-qipao_fulihongbao
300000000144,132,yuyue-niu_qipao_fulihongbao
300000000145,133,yuyue-qipao_fulihongbao_lahuo
300000000146,134,yuyue-niu_qipao_fulihongbao_lahuo
300000000147,135,yuyue-
300000000148,136,zhangfen-niudong
300000000149,137,zhangfen-yaodong
300000000150,138,zhangfen-redyu
300000000151,139,zhangfen-qipaoyu
300000000152,140,zhangfen-tanchuang_tongyong
300000000153,141,zhangfen-tanchuang_hongbao
300000000154,142,zhangfen-lahuo
300000000155,143,zhangfen-niu_redrain
300000000156,144,zhangfen-niu_fulitongyong
300000000157,145,zhangfen-niu_lahuo
300000000158,146,zhangfen-red_fulitongyong
300000000159,147,zhangfen-red_lahuo
300000000160,148,zhangfen-fulitongyong_lahuo
300000000161,149,zhangfen-niu_red_fulitongyong
300000000162,150,zhangfen-niu_red_lahuo
300000000163,151,zhangfen-niu_fulitongyong_lahuo
300000000164,152,zhangfen-red_fulitongyong_lahuo
300000000165,153,zhangfen-red_fulitongyong_lahuo
300000000166,154,zhangfen-miu_qipao
300000000167,155,zhangfen-qipao_fulitongyong
300000000168,156,zhangfen-qipao_lahuo
300000000169,157,zhangfen-niu_qipao_fulitongyong
300000000170,158,zhangfen-niu_qipao_lahuo
300000000171,159,zhangfen-qipao_fulitongyong_lahuo
300000000172,160,zhangfen-niu_qipao_fulitongyong_lahuo
300000000173,161,zhangfen-niu_fulihongbao
300000000174,162,zhangfen-red_fulihongbao
300000000175,163,zhangfen-fulihongbao_lahuo
300000000176,164,zhangfen-niu_red_fulihongbao
300000000177,165,zhangfen-niu_fulihongbao_lahuo
300000000178,166,zhangfen-red_fulihongbao_lahuo
300000000179,167,zhangfen-niu_red_fulihongbao_lahuo
300000000180,168,zhangfen-qipao_fulihongbao
300000000181,169,zhangfen-niu_qipao_fulihongbao
300000000182,170,zhangfen-qipao_fulihongbao_lahuo
300000000183,171,zhangfen-niu_qipao_fulihongbao_lahuo
300000000184,172,zhangfen-
300000000185,173,zhiboliu-niudong
300000000186,174,zhiboliu-yaodong
300000000187,175,zhiboliu-redyu
300000000188,176,zhiboliu-qipaoyu
300000000189,177,zhiboliu-tanchuang_tongyong
300000000190,178,zhiboliu-tanchuang_hongbao
300000000191,179,zhiboliu-lahuo
300000000192,180,zhiboliu-niu_redrain
300000000193,181,zhiboliu-niu_fulitongyong
300000000194,182,zhiboliu-niu_lahuo
300000000195,183,zhiboliu-red_fulitongyong
300000000196,184,zhiboliu-red_lahuo
300000000197,185,zhiboliu-fulitongyong_lahuo
300000000198,186,zhiboliu-niu_red_fulitongyong
300000000199,187,zhiboliu-niu_red_lahuo
300000000200,188,zhiboliu-niu_fulitongyong_lahuo
300000000201,189,zhiboliu-red_fulitongyong_lahuo
300000000202,190,zhiboliu-red_fulitongyong_lahuo
300000000203,191,zhiboliu-miu_qipao
300000000204,192,zhiboliu-qipao_fulitongyong
300000000205,193,zhiboliu-qipao_lahuo
300000000206,194,zhiboliu-niu_qipao_fulitongyong
300000000207,195,zhiboliu-niu_qipao_lahuo
300000000208,196,zhiboliu-qipao_fulitongyong_lahuo
300000000209,197,zhiboliu-niu_qipao_fulitongyong_lahuo
300000000210,198,zhiboliu-niu_fulihongbao
300000000211,199,zhiboliu-red_fulihongbao
300000000212,200,zhiboliu-fulihongbao_lahuo
300000000213,201,zhiboliu-niu_red_fulihongbao
300000000214,202,zhiboliu-niu_fulihongbao_lahuo
300000000215,203,zhiboliu-red_fulihongbao_lahuo
300000000216,204,zhiboliu-niu_red_fulihongbao_lahuo
300000000217,205,zhiboliu-qipao_fulihongbao
300000000218,206,zhiboliu-niu_qipao_fulihongbao
300000000219,207,zhiboliu-qipao_fulihongbao_lahuo
300000000220,208,zhiboliu-niu_qipao_fulihongbao_lahuo
300000000221,209,zhiboliu-
300000000222,210,caijian-niudong
300000000223,211,caijian-yaodong
300000000224,212,caijian-redyu
300000000225,213,caijian-qipaoyu
300000000226,214,caijian-tanchuang_tongyong
300000000227,215,caijian-tanchuang_hongbao
300000000228,216,caijian-lahuo
300000000229,217,caijian-niu_redrain
300000000230,218,caijian-niu_fulitongyong
300000000231,219,caijian-niu_lahuo
300000000232,220,caijian-red_fulitongyong
300000000233,221,caijian-red_lahuo
300000000234,222,caijian-fulitongyong_lahuo
300000000235,223,caijian-niu_red_fulitongyong
300000000236,224,caijian-niu_red_lahuo
300000000237,225,caijian-niu_fulitongyong_lahuo
300000000238,226,caijian-red_fulitongyong_lahuo
300000000239,227,caijian-red_fulitongyong_lahuo
300000000240,228,caijian-miu_qipao
300000000241,229,caijian-qipao_fulitongyong
300000000242,230,caijian-qipao_lahuo
300000000243,231,caijian-niu_qipao_fulitongyong
300000000244,232,caijian-niu_qipao_lahuo
300000000245,233,caijian-qipao_fulitongyong_lahuo
300000000246,234,caijian-niu_qipao_fulitongyong_lahuo
300000000247,235,caijian-niu_fulihongbao
300000000248,236,caijian-red_fulihongbao
300000000249,237,caijian-fulihongbao_lahuo
300000000250,238,caijian-niu_red_fulihongbao
300000000251,239,caijian-niu_fulihongbao_lahuo
300000000252,240,caijian-red_fulihongbao_lahuo
300000000253,241,caijian-niu_red_fulihongbao_lahuo
300000000254,242,caijian-qipao_fulihongbao
300000000255,243,caijian-niu_qipao_fulihongbao
300000000256,244,caijian-qipao_fulihongbao_lahuo
300000000257,245,caijian-niu_qipao_fulihongbao_lahuo
300000000258,246,caijian-
300000000259,247,c-card19
300000000260,248,c-card53
300000000261,249,c-card29
300000000262,250,c-card51
300000000263,251,c-card72
300000000264,252,c-card93
300000000265,253,c-card74
300000000266,254,c-card109
300000000267,255,c-card95
300000000268,256,c-card87
300000000269,777,c-biaodanqianzhi
300000000270,258,c-card19huangdong
300000000271,259,c-card29huangdong
300000000272,260,c-card72huangdong
300000000273,261,c-card93huangdong
300000000274,262,c-card74huangdong
300000000275,263,c-card95huangdong
300000000276,264,c-card87huangdong
304000000001,289,redpacket-cl-rotate-combo-35
304000000002,290,redpacket-cl-rotate-combo-34
304000000003,291,redpacket-cl-rotate-combo-33
304000000004,292,redpacket-cl-rotate-combo-32
304000000005,293,redpacket-cl-rotate-combo-31
304000000006,294,redpacket-cl-rotate-combo-2
304000000007,295,redpacket-cl-rotate-combo-1
304000000008,296,redpacket-cl-rotate-combo-37-custom-1
304000000009,297,redpacket-cl-rotate-combo-37-custom-2
304000000010,298,redpacket-cl-normal-rotate
304000000011,299,redpacket-cl-shake-combo-3
304000000012,300,redpacket-cl-normal-shake
304000000013,301,redpacket-cl-slide-click-combined
304000000014,302,redpacket-cl-normal-slide-gesture
304000000015,303,redpacket-cl-click-cycle
304000000016,304,redpacket-cl-click-hand
304000000017,305,redpacket-cl-static-actionbar
304000000018,306,redpacket-ol-rotate-combo-35
304000000019,307,redpacket-ol-rotate-combo-34
304000000020,308,redpacket-ol-rotate-combo-33
304000000021,309,redpacket-ol-rotate-combo-32
304000000022,310,redpacket-ol-rotate-combo-31
304000000023,311,redpacket-ol-rotate-combo-2
304000000024,312,redpacket-ol-rotate-combo-1
304000000025,313,redpacket-ol-rotate-combo-37-custom-1
304000000026,314,redpacket-ol-rotate-combo-37-custom-2
304000000027,315,redpacket-ol-normal-rotate
304000000028,316,redpacket-ol-shake-combo-3
304000000029,317,redpacket-ol-normal-shake
304000000030,318,redpacket-ol-slide-click-combined
304000000031,319,redpacket-ol-normal-slide-gesture
304000000032,320,redpacket-ol-click-cycle
304000000033,321,redpacket-ol-click-hand
304000000034,322,redpacket-ol-static-actionbar
304000000035,323,redpacket-cr-rotate-combo-35
304000000036,324,redpacket-cr-rotate-combo-34
304000000037,325,redpacket-cr-rotate-combo-33
304000000038,326,redpacket-cr-rotate-combo-32
304000000039,327,redpacket-cr-rotate-combo-31
304000000040,328,redpacket-cr-rotate-combo-2
304000000041,329,redpacket-cr-rotate-combo-1
304000000042,330,redpacket-cr-rotate-combo-37-custom-1
304000000043,331,redpacket-cr-rotate-combo-37-custom-2
304000000044,332,redpacket-cr-normal-rotate
304000000045,333,redpacket-cr-shake-combo-3
304000000046,334,redpacket-cr-normal-shake
304000000047,335,redpacket-cr-slide-click-combined
304000000048,336,redpacket-cr-normal-slide-gesture
304000000049,337,redpacket-cr-click-cycle
304000000050,338,redpacket-cr-click-hand
304000000051,339,redpacket-cr-static-actionbar
304000000052,340,redpacket-or-rotate-combo-35
304000000053,341,redpacket-or-rotate-combo-34
304000000054,342,redpacket-or-rotate-combo-33
304000000055,343,redpacket-or-rotate-combo-32
304000000056,344,redpacket-or-rotate-combo-31
304000000057,345,redpacket-or-rotate-combo-2
304000000058,346,redpacket-or-rotate-combo-1
304000000059,347,redpacket-or-rotate-combo-37-custom-1
304000000060,348,redpacket-or-rotate-combo-37-custom-2
304000000061,349,redpacket-or-normal-rotate
304000000062,350,redpacket-or-shake-combo-3
304000000063,351,redpacket-or-normal-shake
304000000064,352,redpacket-or-slide-click-combined
304000000065,353,redpacket-or-normal-slide-gesture
304000000066,354,redpacket-or-click-cycle
304000000067,355,redpacket-or-click-hand
304000000068,356,redpacket-or-static-actionbar
304000000069,357,bubble-cl-rotate-combo-35
304000000070,358,bubble-cl-rotate-combo-34
304000000071,359,bubble-cl-rotate-combo-33
304000000072,360,bubble-cl-rotate-combo-32
304000000073,361,bubble-cl-rotate-combo-31
304000000074,362,bubble-cl-rotate-combo-2
304000000075,363,bubble-cl-rotate-combo-1
304000000076,364,bubble-cl-rotate-combo-37-custom-1
304000000077,365,bubble-cl-rotate-combo-37-custom-2
304000000078,366,bubble-cl-normal-rotate
304000000079,367,bubble-cl-shake-combo-3
304000000080,368,bubble-cl-normal-shake
304000000081,369,bubble-cl-slide-click-combined
304000000082,370,bubble-cl-normal-slide-gesture
304000000083,371,bubble-cl-click-cycle
304000000084,372,bubble-cl-click-hand
304000000085,373,bubble-cl-static-actionbar
304000000086,374,bubble-ol-rotate-combo-35
304000000087,375,bubble-ol-rotate-combo-34
304000000088,376,bubble-ol-rotate-combo-33
304000000089,377,bubble-ol-rotate-combo-32
304000000090,378,bubble-ol-rotate-combo-31
304000000091,379,bubble-ol-rotate-combo-2
304000000092,380,bubble-ol-rotate-combo-1
304000000093,381,bubble-ol-rotate-combo-37-custom-1
304000000094,382,bubble-ol-rotate-combo-37-custom-2
304000000095,383,bubble-ol-normal-rotate
304000000096,384,bubble-ol-shake-combo-3
304000000097,385,bubble-ol-normal-shake
304000000098,386,bubble-ol-slide-click-combined
304000000099,387,bubble-ol-normal-slide-gesture
304000000100,388,bubble-ol-click-cycle
304000000101,389,bubble-ol-click-hand
304000000102,390,bubble-ol-static-actionbar
304000000103,391,bubble-cr-rotate-combo-35
304000000104,392,bubble-cr-rotate-combo-34
304000000105,393,bubble-cr-rotate-combo-33
304000000106,394,bubble-cr-rotate-combo-32
304000000107,395,bubble-cr-rotate-combo-31
304000000108,396,bubble-cr-rotate-combo-2
304000000109,397,bubble-cr-rotate-combo-1
304000000110,398,bubble-cr-rotate-combo-37-custom-1
304000000111,399,bubble-cr-rotate-combo-37-custom-2
304000000112,400,bubble-cr-normal-rotate
304000000113,401,bubble-cr-shake-combo-3
304000000114,402,bubble-cr-normal-shake
304000000115,403,bubble-cr-slide-click-combined
304000000116,404,bubble-cr-normal-slide-gesture
304000000117,405,bubble-cr-click-cycle
304000000118,406,bubble-cr-click-hand
304000000119,407,bubble-cr-static-actionbar
304000000120,408,bubble-or-rotate-combo-35
304000000121,409,bubble-or-rotate-combo-34
304000000122,410,bubble-or-rotate-combo-33
304000000123,411,bubble-or-rotate-combo-32
304000000124,412,bubble-or-rotate-combo-31
304000000125,413,bubble-or-rotate-combo-2
304000000126,414,bubble-or-rotate-combo-1
304000000127,415,bubble-or-rotate-combo-37-custom-1
304000000128,416,bubble-or-rotate-combo-37-custom-2
304000000129,417,bubble-or-normal-rotate
304000000130,418,bubble-or-shake-combo-3
304000000131,419,bubble-or-normal-shake
304000000132,420,bubble-or-slide-click-combined
304000000133,421,bubble-or-normal-slide-gesture
304000000134,422,bubble-or-click-cycle
304000000135,423,bubble-or-click-hand
304000000136,424,bubble-or-static-actionbar
304000000137,425,giftbox-cl-rotate-combo-35
304000000138,426,giftbox-cl-rotate-combo-34
304000000139,427,giftbox-cl-rotate-combo-33
304000000140,428,giftbox-cl-rotate-combo-32
304000000141,429,giftbox-cl-rotate-combo-31
304000000142,430,giftbox-cl-rotate-combo-2
304000000143,431,giftbox-cl-rotate-combo-1
304000000144,432,giftbox-cl-rotate-combo-37-custom-1
304000000145,433,giftbox-cl-rotate-combo-37-custom-2
304000000146,434,giftbox-cl-normal-rotate
304000000147,435,giftbox-cl-shake-combo-3
304000000148,436,giftbox-cl-normal-shake
304000000149,437,giftbox-cl-slide-click-combined
304000000150,438,giftbox-cl-normal-slide-gesture
304000000151,439,giftbox-cl-click-cycle
304000000152,440,giftbox-cl-click-hand
304000000153,441,giftbox-cl-static-actionbar
304000000154,442,giftbox-ol-rotate-combo-35
304000000155,443,giftbox-ol-rotate-combo-34
304000000156,444,giftbox-ol-rotate-combo-33
304000000157,445,giftbox-ol-rotate-combo-32
304000000158,446,giftbox-ol-rotate-combo-31
304000000159,447,giftbox-ol-rotate-combo-2
304000000160,448,giftbox-ol-rotate-combo-1
304000000161,449,giftbox-ol-rotate-combo-37-custom-1
304000000162,450,giftbox-ol-rotate-combo-37-custom-2
304000000163,451,giftbox-ol-normal-rotate
304000000164,452,giftbox-ol-shake-combo-3
304000000165,453,giftbox-ol-normal-shake
304000000166,454,giftbox-ol-slide-click-combined
304000000167,455,giftbox-ol-normal-slide-gesture
304000000168,456,giftbox-ol-click-cycle
304000000169,457,giftbox-ol-click-hand
304000000170,458,giftbox-ol-static-actionbar
304000000171,459,giftbox-cr-rotate-combo-35
304000000172,460,giftbox-cr-rotate-combo-34
304000000173,461,giftbox-cr-rotate-combo-33
304000000174,462,giftbox-cr-rotate-combo-32
304000000175,463,giftbox-cr-rotate-combo-31
304000000176,464,giftbox-cr-rotate-combo-2
304000000177,465,giftbox-cr-rotate-combo-1
304000000178,466,giftbox-cr-rotate-combo-37-custom-1
304000000179,467,giftbox-cr-rotate-combo-37-custom-2
304000000180,468,giftbox-cr-normal-rotate
304000000181,469,giftbox-cr-shake-combo-3
304000000182,470,giftbox-cr-normal-shake
304000000183,471,giftbox-cr-slide-click-combined
304000000184,472,giftbox-cr-normal-slide-gesture
304000000185,473,giftbox-cr-click-cycle
304000000186,474,giftbox-cr-click-hand
304000000187,475,giftbox-cr-static-actionbar
304000000188,476,giftbox-or-rotate-combo-35
304000000189,477,giftbox-or-rotate-combo-34
304000000190,478,giftbox-or-rotate-combo-33
304000000191,479,giftbox-or-rotate-combo-32
304000000192,480,giftbox-or-rotate-combo-31
304000000193,481,giftbox-or-rotate-combo-2
304000000194,482,giftbox-or-rotate-combo-1
304000000195,483,giftbox-or-rotate-combo-37-custom-1
304000000196,484,giftbox-or-rotate-combo-37-custom-2
304000000197,485,giftbox-or-normal-rotate
304000000198,486,giftbox-or-shake-combo-3
304000000199,487,giftbox-or-normal-shake
304000000200,488,giftbox-or-slide-click-combined
304000000201,489,giftbox-or-normal-slide-gesture
304000000202,490,giftbox-or-click-cycle
304000000203,491,giftbox-or-click-hand
304000000204,492,giftbox-or-static-actionbar
304000000205,493,cl-rotate-combo-35
304000000206,494,cl-rotate-combo-34
304000000207,495,cl-rotate-combo-33
304000000208,496,cl-rotate-combo-32
304000000209,497,cl-rotate-combo-31
304000000210,498,cl-rotate-combo-2
304000000211,499,cl-rotate-combo-1
304000000212,500,cl-rotate-combo-37-custom-1
304000000213,501,cl-rotate-combo-37-custom-2
304000000214,502,cl-normal-rotate
304000000215,503,cl-shake-combo-3
304000000216,504,cl-normal-shake
304000000217,505,cl-slide-click-combined
304000000218,506,cl-normal-slide-gesture
304000000219,507,cl-click-cycle
304000000220,508,cl-click-hand
304000000221,509,cl-static-actionbar
304000000222,510,ol-rotate-combo-35
304000000223,511,ol-rotate-combo-34
304000000224,512,ol-rotate-combo-33
304000000225,513,ol-rotate-combo-32
304000000226,514,ol-rotate-combo-31
304000000227,515,ol-rotate-combo-2
304000000228,516,ol-rotate-combo-1
304000000229,517,ol-rotate-combo-37-custom-1
304000000230,518,ol-rotate-combo-37-custom-2
304000000231,519,ol-normal-rotate
304000000232,520,ol-shake-combo-3
304000000233,521,ol-normal-shake
304000000234,522,ol-slide-click-combined
304000000235,523,ol-normal-slide-gesture
304000000236,524,ol-click-cycle
304000000237,525,ol-click-hand
304000000238,526,ol-static-actionbar
304000000239,527,cr-rotate-combo-35
304000000240,528,cr-rotate-combo-34
304000000241,529,cr-rotate-combo-33
304000000242,530,cr-rotate-combo-32
304000000243,531,cr-rotate-combo-31
304000000244,532,cr-rotate-combo-2
304000000245,533,cr-rotate-combo-1
304000000246,534,cr-rotate-combo-37-custom-1
304000000247,535,cr-rotate-combo-37-custom-2
304000000248,536,cr-normal-rotate
304000000249,537,cr-shake-combo-3
304000000250,538,cr-normal-shake
304000000251,539,cr-slide-click-combined
304000000252,540,cr-normal-slide-gesture
304000000253,541,cr-click-cycle
304000000254,542,cr-click-hand
304000000255,543,cr-static-actionbar
304000000256,544,or-rotate-combo-35
304000000257,545,or-rotate-combo-34
304000000258,546,or-rotate-combo-33
304000000259,547,or-rotate-combo-32
304000000260,548,or-rotate-combo-31
304000000261,549,or-rotate-combo-2
304000000262,550,or-rotate-combo-1
304000000263,551,or-rotate-combo-37-custom-1
304000000264,552,or-rotate-combo-37-custom-2
304000000265,553,or-normal-rotate
304000000266,554,or-shake-combo-3
304000000267,555,or-normal-shake
304000000268,556,or-slide-click-combined
304000000269,557,or-normal-slide-gesture
304000000270,558,or-click-cycle
304000000271,559,or-click-hand
304000000272,560,or-static-actionbar
304000000273,561,end-splash-rotate
304000000274,562,end-splash-normal
304000000275,799,redpacket-cl-rotate-combo-38
304000000276,800,bubble-cl-rotate-combo-38
304000000277,801,giftbox-cl-rotate-combo-38
304000000278,802,cl-rotate-combo-38
304000000279,803,redpacket-ol-rotate-combo-38
304000000280,804,bubble-ol-rotate-combo-38
304000000281,805,giftbox-ol-rotate-combo-38
304000000282,806,ol-rotate-combo-38
304000000283,807,redpacket-cr-rotate-combo-38
304000000284,808,bubble-cr-rotate-combo-38
304000000285,809,giftbox-cr-rotate-combo-38
304000000286,810,cr-rotate-combo-38
304000000287,811,redpacket-or-rotate-combo-38
304000000288,812,bubble-or-rotate-combo-38
304000000289,813,giftbox-or-rotate-combo-38
304000000290,814,or-rotate-combo-38
300000000279,265,jianbianka-click_reward
300000000280,266,jianbianka-niu_clickreward
300000000281,267,jianbianka-niu_clickreward_lahuo
300000000282,268,jianbianka-red_clickreward
300000000283,269,jianbianka-clickreward_lahuo
300000000284,270,jianbianka-niu_red_clickreward
300000000285,271,jianbianka-qipao_clickreward
300000000286,272,jianbianka-niu_qipao_clickreward
300000000287,273,jianbianka-qipao_clickreward_lahuo
300000000288,274,jianbianka-niu_qipao_clickreward_lahuo
300000000289,275,jianbianka-red_clickreward_lahuo
300000000290,276,jianbianka-niu_red_clickreward_lahuo
300000000291,277,tuwen-click_reward
300000000292,278,tuwen-niu_clickreward
300000000293,279,tuwen-niu_clickreward_lahuo
300000000294,280,tuwen-red_clickreward
300000000295,281,tuwen-clickreward_lahuo
300000000296,282,tuwen-niu_red_clickreward
300000000297,283,tuwen-qipao_clickreward
300000000298,284,tuwen-niu_qipao_clickreward
300000000299,285,tuwen-qipao_clickreward_lahuo
300000000300,286,tuwen-niu_qipao_clickreward_lahuo
300000000301,287,tuwen-red_clickreward_lahuo
300000000302,288,tuwen-niu_red_clickreward_lahuo
313000000001,587,redpacket-l-rotate-combo-special
313000000002,588,redpacket-l-rotate-combo-rect
313000000003,589,redpacket-l-shake-combo-special
313000000004,590,redpacket-l-shake-combo-rect
313000000005,591,redpacket-l-normal-special
313000000006,592,redpacket-l-normal-rect
313000000007,593,redpacket-l-normal-rect-horizontal-2
313000000008,594,redpacket-l-normal-rect-horizontal-3
313000000009,595,redpacket-l-industry-redpacket-normal
313000000010,596,redpacket-l-industry-redpacket-shake
313000000011,597,redpacket-l-industry-redpacket-rotate
313000000012,598,redpacket-l-live-rotate
313000000013,599,redpacket-l-live-shake
313000000014,600,redpacket-l-live-normal
313000000015,601,redpacket-l-sample-live-rotate
313000000016,602,redpacket-l-sample-live-shake
313000000017,603,redpacket-l-sample-live-normal
313000000018,604,redpacket-r-rotate-combo-special
313000000019,605,redpacket-r-rotate-combo-rect
313000000020,606,redpacket-r-shake-combo-special
313000000021,607,redpacket-r-shake-combo-rect
313000000022,608,redpacket-r-normal-special
313000000023,609,redpacket-r-normal-rect
313000000024,610,redpacket-r-normal-rect-horizontal-2
313000000025,611,redpacket-r-normal-rect-horizontal-3
313000000026,612,redpacket-r-industry-redpacket-normal
313000000027,613,redpacket-r-industry-redpacket-shake
313000000028,614,redpacket-r-industry-redpacket-rotate
313000000029,615,redpacket-r-live-rotate
313000000030,616,redpacket-r-live-shake
313000000031,617,redpacket-r-live-normal
313000000032,618,redpacket-r-sample-live-rotate
313000000033,619,redpacket-r-sample-live-shake
313000000034,620,redpacket-r-sample-live-normal
313000000035,621,bubble-l-rotate-combo-special
313000000036,622,bubble-l-rotate-combo-rect
313000000037,623,bubble-l-shake-combo-special
313000000038,624,bubble-l-shake-combo-rect
313000000039,625,bubble-l-normal-special
313000000040,626,bubble-l-normal-rect
313000000041,627,bubble-l-normal-rect-horizontal-2
313000000042,628,bubble-l-normal-rect-horizontal-3
313000000043,629,bubble-l-industry-redpacket-normal
313000000044,630,bubble-l-industry-redpacket-shake
313000000045,631,bubble-l-industry-redpacket-rotate
313000000046,632,bubble-l-live-rotate
313000000047,633,bubble-l-live-shake
313000000048,634,bubble-l-live-normal
313000000049,635,bubble-l-sample-live-rotate
313000000050,636,bubble-l-sample-live-shake
313000000051,637,bubble-l-sample-live-normal
313000000052,638,bubble-r-rotate-combo-special
313000000053,639,bubble-r-rotate-combo-rect
313000000054,640,bubble-r-shake-combo-special
313000000055,641,bubble-r-shake-combo-rect
313000000056,642,bubble-r-normal-special
313000000057,643,bubble-r-normal-rect
313000000058,644,bubble-r-normal-rect-horizontal-2
313000000059,645,bubble-r-normal-rect-horizontal-3
313000000060,646,bubble-r-industry-redpacket-normal
313000000061,647,bubble-r-industry-redpacket-shake
313000000062,648,bubble-r-industry-redpacket-rotate
313000000063,649,bubble-r-live-rotate
313000000064,650,bubble-r-live-shake
313000000065,651,bubble-r-live-normal
313000000066,652,bubble-r-sample-live-rotate
313000000067,653,bubble-r-sample-live-shake
313000000068,654,bubble-r-sample-live-normal
313000000069,655,caidan-l-rotate-combo-special
313000000070,656,caidan-l-rotate-combo-rect
313000000071,657,caidan-l-shake-combo-special
313000000072,658,caidan-l-shake-combo-rect
313000000073,659,caidan-l-normal-special
313000000074,660,caidan-l-normal-rect
313000000075,661,caidan-l-normal-rect-horizontal-2
313000000076,662,caidan-l-normal-rect-horizontal-3
313000000077,663,caidan-l-industry-redpacket-normal
313000000078,664,caidan-l-industry-redpacket-shake
313000000079,665,caidan-l-industry-redpacket-rotate
313000000080,666,caidan-l-live-rotate
313000000081,667,caidan-l-live-shake
313000000082,668,caidan-l-live-normal
313000000083,669,caidan-l-sample-live-rotate
313000000084,670,caidan-l-sample-live-shake
313000000085,671,caidan-l-sample-live-normal
313000000086,672,caidan-r-rotate-combo-special
313000000087,673,caidan-r-rotate-combo-rect
313000000088,674,caidan-r-shake-combo-special
313000000089,675,caidan-r-shake-combo-rect
313000000090,676,caidan-r-normal-special
313000000091,677,caidan-r-normal-rect
313000000092,678,caidan-r-normal-rect-horizontal-2
313000000093,679,caidan-r-normal-rect-horizontal-3
313000000094,680,caidan-r-industry-redpacket-normal
313000000095,681,caidan-r-industry-redpacket-shake
313000000096,682,caidan-r-industry-redpacket-rotate
313000000097,683,caidan-r-live-rotate
313000000098,684,caidan-r-live-shake
313000000099,685,caidan-r-live-normal
313000000100,686,caidan-r-sample-live-rotate
313000000101,687,caidan-r-sample-live-shake
313000000102,688,caidan-r-sample-live-normal
313000000103,689,lahuo-l-rotate-combo-special
313000000104,690,lahuo-l-rotate-combo-rect
313000000105,691,lahuo-l-shake-combo-special
313000000106,692,lahuo-l-shake-combo-rect
313000000107,693,lahuo-l-normal-special
313000000108,694,lahuo-l-normal-rect
313000000109,695,lahuo-l-normal-rect-horizontal-2
313000000110,696,lahuo-l-normal-rect-horizontal-3
313000000111,697,lahuo-l-industry-redpacket-normal
313000000112,698,lahuo-l-industry-redpacket-shake
313000000113,699,lahuo-l-industry-redpacket-rotate
313000000114,700,lahuo-l-live-rotate
313000000115,701,lahuo-l-live-shake
313000000116,702,lahuo-l-live-normal
313000000117,703,lahuo-l-sample-live-rotate
313000000118,704,lahuo-l-sample-live-shake
313000000119,705,lahuo-l-sample-live-normal
313000000120,706,lahuo-r-rotate-combo-special
313000000121,707,lahuo-r-rotate-combo-rect
313000000122,708,lahuo-r-shake-combo-special
313000000123,709,lahuo-r-shake-combo-rect
313000000124,710,lahuo-r-normal-special
313000000125,711,lahuo-r-normal-rect
313000000126,712,lahuo-r-normal-rect-horizontal-2
313000000127,713,lahuo-r-normal-rect-horizontal-3
313000000128,714,lahuo-r-industry-redpacket-normal
313000000129,715,lahuo-r-industry-redpacket-shake
313000000130,716,lahuo-r-industry-redpacket-rotate
313000000131,717,lahuo-r-live-rotate
313000000132,718,lahuo-r-live-shake
313000000133,719,lahuo-r-live-normal
313000000134,720,lahuo-r-sample-live-rotate
313000000135,721,lahuo-r-sample-live-shake
313000000136,722,lahuo-r-sample-live-normal
313000000137,723,l-rotate-combo-special
313000000138,724,l-rotate-combo-rect
313000000139,725,l-shake-combo-special
313000000140,726,l-shake-combo-rect
313000000141,727,l-normal-special
313000000142,728,l-normal-rect
313000000143,729,l-normal-rect-horizontal-2
313000000144,730,l-normal-rect-horizontal-3
313000000145,731,l-industry-redpacket-normal
313000000146,732,l-industry-redpacket-shake
313000000147,733,l-industry-redpacket-rotate
313000000148,734,l-live-rotate
313000000149,735,l-live-shake
313000000150,736,l-live-normal
313000000151,737,l-sample-live-rotate
313000000152,738,l-sample-live-shake
313000000153,739,l-sample-live-normal
313000000154,740,r-rotate-combo-special
313000000155,741,r-rotate-combo-rect
313000000156,742,r-shake-combo-special
313000000157,743,r-shake-combo-rect
313000000158,744,r-normal-special
313000000159,745,r-normal-rect
313000000160,746,r-normal-rect-horizontal-2
313000000161,747,r-normal-rect-horizontal-3
313000000162,748,r-industry-redpacket-normal
313000000163,749,r-industry-redpacket-shake
313000000164,750,r-industry-redpacket-rotate
313000000165,751,r-live-rotate
313000000166,752,r-live-shake
313000000167,753,r-live-normal
313000000168,754,r-sample-live-rotate
313000000169,755,r-sample-live-shake
313000000170,756,r-sample-live-normal
313000000171,757,l-inter-end-normal
313000000172,758,l-inter-end-rotate
313000000173,759,l-inter-end-shake
313000000174,760,r-inter-end-normal
313000000175,761,r-inter-end-rotate
313000000176,762,r-inter-end-shake
300000000303,563,jianbianka-fanquan
300000000304,564,jianbianka-fanyouxi
300000000305,565,jianbianka-fanpicture
300000000306,566,jianbianka-niu_fanquan
300000000307,567,jianbianka-niu_fanquan_lahuo
300000000308,568,jianbianka-niu_fanyouxi
300000000309,569,jianbianka-niu_fanyouxi_lahuo
300000000310,570,jianbianka-niu_fanpicture
300000000311,571,jianbianka-niu_fanpicture_lahuo
300000000312,572,tuwen-fanquan
300000000313,573,tuwen-fanyouxi
300000000314,574,tuwen-fanpicture
300000000315,575,tuwen-niu_fanquan
300000000316,576,tuwen-niu_fanquan_lahuo
300000000317,577,tuwen-niu_fanyouxi
300000000318,578,tuwen-niu_fanyouxi_lahuo
300000000319,579,tuwen-niu_fanpicture
300000000320,580,tuwen-niu_fanpicture_lahuo
313000000185,815,hongbao-lahuo-cardbottoml-rotate-combo-special
313000000186,816,hongbao-lahuo-cardbottoml-rotate-combo-rect
313000000187,817,hongbao-lahuo-cardbottoml-shake-combo-special
313000000188,818,hongbao-lahuo-cardbottoml-shake-combo-rect
313000000189,819,hongbao-lahuo-cardbottoml-normal-special
313000000190,820,hongbao-lahuo-cardbottoml-normal-rect
313000000191,821,hongbao-lahuo-cardbottoml-normal-rect-horizontal-2
313000000192,822,hongbao-lahuo-cardbottoml-normal-rect-horizontal-3
313000000193,823,hongbao-lahuo-cardbottoml-industry-redpacket-normal
313000000194,824,hongbao-lahuo-cardbottoml-industry-redpacket-shake
313000000195,825,hongbao-lahuo-cardbottoml-industry-redpacket-rotate
313000000196,826,hongbao-lahuo-cardbottoml-live-rotate
313000000197,827,hongbao-lahuo-cardbottoml-live-shake
313000000198,828,hongbao-lahuo-cardbottoml-live-normal
313000000199,829,hongbao-lahuo-cardbottoml-sample-live-rotate
313000000200,830,hongbao-lahuo-cardbottoml-sample-live-shake
313000000201,831,hongbao-lahuo-cardbottoml-sample-live-normal
313000000202,832,hongbao-lahuo-cardbottomr-rotate-combo-special
313000000203,833,hongbao-lahuo-cardbottomr-rotate-combo-rect
313000000204,834,hongbao-lahuo-cardbottomr-shake-combo-special
313000000205,835,hongbao-lahuo-cardbottomr-shake-combo-rect
313000000206,836,hongbao-lahuo-cardbottomr-normal-special
313000000207,837,hongbao-lahuo-cardbottomr-normal-rect
313000000208,838,hongbao-lahuo-cardbottomr-normal-rect-horizontal-2
313000000209,839,hongbao-lahuo-cardbottomr-normal-rect-horizontal-3
313000000210,840,hongbao-lahuo-cardbottomr-industry-redpacket-normal
313000000211,841,hongbao-lahuo-cardbottomr-industry-redpacket-shake
313000000212,842,hongbao-lahuo-cardbottomr-industry-redpacket-rotate
313000000213,843,hongbao-lahuo-cardbottomr-live-rotate
313000000214,844,hongbao-lahuo-cardbottomr-live-shake
313000000215,845,hongbao-lahuo-cardbottomr-live-normal
313000000216,846,hongbao-lahuo-cardbottomr-sample-live-rotate
313000000217,847,hongbao-lahuo-cardbottomr-sample-live-shake
313000000218,848,hongbao-lahuo-cardbottomr-sample-live-normal
313000000219,849,qipao-lahuo-cardbottoml-rotate-combo-special
313000000220,850,qipao-lahuo-cardbottoml-rotate-combo-rect
313000000221,851,qipao-lahuo-cardbottoml-shake-combo-special
313000000222,852,qipao-lahuo-cardbottoml-shake-combo-rect
313000000223,853,qipao-lahuo-cardbottoml-normal-special
313000000224,854,qipao-lahuo-cardbottoml-normal-rect
313000000225,855,qipao-lahuo-cardbottoml-normal-rect-horizontal-2
313000000226,856,qipao-lahuo-cardbottoml-normal-rect-horizontal-3
313000000227,857,qipao-lahuo-cardbottoml-industry-redpacket-normal
313000000228,858,qipao-lahuo-cardbottoml-industry-redpacket-shake
313000000229,859,qipao-lahuo-cardbottoml-industry-redpacket-rotate
313000000230,860,qipao-lahuo-cardbottoml-live-rotate
313000000231,861,qipao-lahuo-cardbottoml-live-shake
313000000232,862,qipao-lahuo-cardbottoml-live-normal
313000000233,863,qipao-lahuo-cardbottoml-sample-live-rotate
313000000234,864,qipao-lahuo-cardbottoml-sample-live-shake
313000000235,865,qipao-lahuo-cardbottoml-sample-live-normal
313000000236,866,qipao-lahuo-cardbottomr-rotate-combo-special
313000000237,867,qipao-lahuo-cardbottomr-rotate-combo-rect
313000000238,868,qipao-lahuo-cardbottomr-shake-combo-special
313000000239,869,qipao-lahuo-cardbottomr-shake-combo-rect
313000000240,870,qipao-lahuo-cardbottomr-normal-special
313000000241,871,qipao-lahuo-cardbottomr-normal-rect
313000000242,872,qipao-lahuo-cardbottomr-normal-rect-horizontal-2
313000000243,873,qipao-lahuo-cardbottomr-normal-rect-horizontal-3
313000000244,874,qipao-lahuo-cardbottomr-industry-redpacket-normal
313000000245,875,qipao-lahuo-cardbottomr-industry-redpacket-shake
313000000246,876,qipao-lahuo-cardbottomr-industry-redpacket-rotate
313000000247,877,qipao-lahuo-cardbottomr-live-rotate
313000000248,878,qipao-lahuo-cardbottomr-live-shake
313000000249,879,qipao-lahuo-cardbottomr-live-normal
313000000250,880,qipao-lahuo-cardbottomr-sample-live-rotate
313000000251,881,qipao-lahuo-cardbottomr-sample-live-shake
313000000252,882,qipao-lahuo-cardbottomr-sample-live-normal
313000000253,883,caidan-lahuo-cardbottoml-rotate-combo-special
313000000254,884,caidan-lahuo-cardbottoml-rotate-combo-rect
313000000255,885,caidan-lahuo-cardbottoml-shake-combo-special
313000000256,886,caidan-lahuo-cardbottoml-shake-combo-rect
313000000257,887,caidan-lahuo-cardbottoml-normal-special
313000000258,888,caidan-lahuo-cardbottoml-normal-rect
313000000259,889,caidan-lahuo-cardbottoml-normal-rect-horizontal-2
313000000260,890,caidan-lahuo-cardbottoml-normal-rect-horizontal-3
313000000261,891,caidan-lahuo-cardbottoml-industry-redpacket-normal
313000000262,892,caidan-lahuo-cardbottoml-industry-redpacket-shake
313000000263,893,caidan-lahuo-cardbottoml-industry-redpacket-rotate
313000000264,894,caidan-lahuo-cardbottoml-live-rotate
313000000265,895,caidan-lahuo-cardbottoml-live-shake
313000000266,896,caidan-lahuo-cardbottoml-live-normal
313000000267,897,caidan-lahuo-cardbottoml-sample-live-rotate
313000000268,898,caidan-lahuo-cardbottoml-sample-live-shake
313000000269,899,caidan-lahuo-cardbottoml-sample-live-normal
313000000270,900,caidan-lahuo-cardbottomr-rotate-combo-special
313000000271,901,caidan-lahuo-cardbottomr-rotate-combo-rect
313000000272,902,caidan-lahuo-cardbottomr-shake-combo-special
313000000273,903,caidan-lahuo-cardbottomr-shake-combo-rect
313000000274,904,caidan-lahuo-cardbottomr-normal-special
313000000275,905,caidan-lahuo-cardbottomr-normal-rect
313000000276,906,caidan-lahuo-cardbottomr-normal-rect-horizontal-2
313000000277,907,caidan-lahuo-cardbottomr-normal-rect-horizontal-3
313000000278,908,caidan-lahuo-cardbottomr-industry-redpacket-normal
313000000279,909,caidan-lahuo-cardbottomr-industry-redpacket-shake
313000000280,910,caidan-lahuo-cardbottomr-industry-redpacket-rotate
313000000281,911,caidan-lahuo-cardbottomr-live-rotate
313000000282,912,caidan-lahuo-cardbottomr-live-shake
313000000283,913,caidan-lahuo-cardbottomr-live-normal
313000000284,914,caidan-lahuo-cardbottomr-sample-live-rotate
313000000285,915,caidan-lahuo-cardbottomr-sample-live-shake
313000000286,916,caidan-lahuo-cardbottomr-sample-live-normal
300000000321,581,zhangfen-fanquan
300000000322,582,zhangfen-fanpicture
300000000323,583,zhiboliu-fanquan
300000000324,584,zhiboliu-fanpicture
300000000325,585,caijian-fanquan
300000000326,586,caijian-fanpicture
300000000327,771,jianbianka-inner_deep_tanchang
300000000328,772,jianbianka-social-card
300000000329,773,jianbianka-niu+inner_deep_tanchang
300000000330,774,jianbianka-niu+socialcard
300000000331,775,tuwen-social-card
300000000332,776,tuwen-niu+socialcard
300000000333,784,jianbian+changan
300000000334,785,zhangfen+changan
300000000335,786,caijian+changan
300000000336,787,yuyue+changan
300000000337,788,jianbian+changan+lahuo
300000000338,789,zhangfen+changan+lahuo
300000000339,790,caijian+changan+lahuo
300000000340,791,yuyue+changan+lahuo
300000000341,792,jianbian+changan+jihuo
300000000342,793,zhangfen+changan+jihuo
300000000343,794,caijian+changan+jihuo
300000000344,795,yuyue+changan+jihuo
300000000345,796,tuwen+changan
300000000346,797,tuwen+changan+lahuo
300000000347,798,tuwen+changan+jihuo
300000000348,1334,danchunjianbianka+tianxuanfudai
300000000349,1335,jianbianka-niudong+tianxuanfudai
300000000350,1336,jianbianka-yaodong+tianxuanfudai
300000000351,1337,jianbianka-redyu+tianxuanfudai
300000000352,1338,jianbianka-lahuo+tianxuanfudai
300000000353,1339,jianbianka-jihuo+tianxuanfudai
300000000354,1340,jianbianka-niu_redrain+tianxuanfudai
300000000355,1341,jianbianka-niu_lahuo+tianxuanfudai
300000000356,1342,jianbianka-red_lahuo+tianxuanfudai
300000000357,1343,jianbianka-niu_jihuo+tianxuanfudai
300000000358,1344,jianbianka-red_jihuo+tianxuanfudai
300000000359,1345,tuwen-niudong+tianxuanfudai
300000000360,1346,tuwen-yaodong+tianxuanfudai
300000000361,1347,tuwen-lahuo+tianxuanfudai
300000000362,1348,tuwen-niu_redrain+tianxuanfudai
300000000363,1349,tuwen-niu_lahuo+tianxuanfudai
300000000364,1350,tuwen-+tianxuanfudai
300000000365,1351,danchunjianbianka+tianxuanfudai_noscene1
300000000366,1352,jianbianka-niudong+tianxuanfudai_noscene1
300000000367,1353,jianbianka-yaodong+tianxuanfudai_noscene1
300000000368,1354,jianbianka-redyu+tianxuanfudai_noscene1
300000000369,1355,jianbianka-lahuo+tianxuanfudai_noscene1
300000000370,1356,jianbianka-jihuo+tianxuanfudai_noscene1
300000000371,1357,jianbianka-niu_redrain+tianxuanfudai_noscene1
300000000372,1358,jianbianka-niu_lahuo+tianxuanfudai_noscene1
300000000373,1359,jianbianka-red_lahuo+tianxuanfudai_noscene1
300000000374,1360,jianbianka-niu_jihuo+tianxuanfudai_noscene1
300000000375,1361,jianbianka-red_jihuo+tianxuanfudai_noscene1
300000000376,1362,tuwen-niudong+tianxuanfudai_noscene1
300000000377,1363,tuwen-yaodong+tianxuanfudai_noscene1
300000000378,1364,tuwen-lahuo+tianxuanfudai_noscene1
300000000379,1365,tuwen-niu_redrain+tianxuanfudai_noscene1
300000000380,1366,tuwen-niu_lahuo+tianxuanfudai_noscene1
300000000381,1367,tuwen-+tianxuanfudai_noscene1
300000000382,1368,jianbian_changan+tianxuanfudai
300000000383,1369,jianbian_changan_lahuo+tianxuanfudai
300000000384,1370,jianbian_changan_jihuo+tianxuanfudai
300000000385,1371,caijian_changan+tianxuanfudai
300000000386,1372,yuyue_changan+tianxuanfudai
300000000387,1373,jianbian_changan+tianxuanfudai_noscene1
300000000388,1374,jianbian_changan_lahuo+tianxuanfudai_noscene1
300000000389,1375,jianbian_changan_jihuo+tianxuanfudai_noscene1
300000000390,1376,caijian_changan+tianxuanfudai_noscene1
300000000391,1377,yuyue_changan+tianxuanfudai_noscene1
303000000402,918,c_jianbian
303000000404,920,c_tuwen10
303000000405,921,c_tuwen9
303000000406,922,c_yuyue
303000000407,923,c_zhangfen
303000000408,924,c_zhiboliu
303000000409,925,c_caijian
303000000410,926,c-card24
303000000411,927,c-card19
303000000412,928,c-card29
303000000413,929,c-card53
303000000414,930,c-card51
303000000415,931,c-card72
303000000416,932,c-card93
303000000417,933,c-card74
303000000418,934,c-card109
303000000419,935,c-card95
303000000420,936,c-card87
303000000421,937,biaodanqianzhi
303000000422,938,jianbian-niudong
303000000423,939,jianbian-yaodong
303000000424,940,jianbian-redyu
303000000425,941,jianbian-qipaoyu
303000000426,942,jianbian-lahuo
303000000427,943,jianbian-fanquan
303000000428,944,jianbian-fanyouxi
303000000429,945,jianbian-fanpicture
303000000430,946,jianbian-niu_redrain
303000000431,947,jianbian-niu_lahuo
303000000432,948,jianbian-niu_fanquan
303000000433,949,jianbian-niu_fanyouxi
303000000434,950,jianbian-niu_fanpicture
303000000435,951,jianbian-red_fanquan
303000000436,952,jianbian-red_fanyouxi
303000000437,953,jianbian-red_fanpicture
303000000438,954,jianbian-red_lahuo
303000000439,955,jianbian-fanquan_lahuo
303000000440,956,jianbian-fanyouxi_lahuo
303000000441,957,jianbian-fanpicture_lahuo
303000000442,958,jianbian-niu_red_fanquan
303000000443,959,jianbian-niu_red_fanyouxi
303000000444,960,jianbian-niu_red_fanpicture
303000000445,961,jianbian-niu_red_lahuo
303000000446,962,jianbian-red_fanquan_lahuo
303000000447,963,jianbian-red_fanyouxi_lahuo
303000000448,964,jianbian-red_fanpicture_lahuo
303000000449,965,jianbian-niu_fanquan_lahuo
303000000450,966,jianbian-niu_fanyouxi_lahuo
303000000451,967,jianbian-niu_fanpicture_lahuo
303000000452,968,jianbian-niu_red_fanquan_lahuo
303000000453,969,jianbian-niu_red_fanyouxi_lahuo
303000000454,970,jianbian-niu_red_fanpicture_lahuo
303000000455,971,jianbian-niu_qipao
303000000456,972,jianbian-qipao_fanquan
303000000457,973,jianbian-qipao_fanyouxi
303000000458,974,jianbian-qipao_fanpicture
303000000459,975,jianbian-qipao_lahuo
303000000460,976,jianbian-niu_qipao_fanquan
303000000461,977,jianbian-niu_qipao_fanyouxi
303000000462,978,jianbian-niu_qipao_fanpicture
303000000463,979,jianbian-niu_qipao_lahuo
303000000464,980,jianbian-qipao_fanquan_lahuo
303000000465,981,jianbian-qipao_fanyouxi_lahuo
303000000466,982,jianbian-qipao_fanpicture_lahuo
303000000467,983,jianbian-niu_qipao_fanquan_lahuo
303000000468,984,jianbian-niu_qipao_fanyouxi_lahuo
303000000469,985,jianbian-niu_qipao_fanpicture_lahuo
303000000470,986,chenjin-niudong
303000000471,987,chenjin-yaodong
303000000472,988,chenjin-redyu
303000000473,989,chenjin-qipaoyu
303000000474,990,chenjin-lahuo
303000000475,991,chenjin-fanquan
303000000476,992,chenjin-fanyouxi
303000000477,993,chenjin-fanpicture
303000000478,994,chenjin-niu_redrain
303000000479,995,chenjin-niu_lahuo
303000000480,996,chenjin-niu_fanquan
303000000481,997,chenjin-niu_fanyouxi
303000000482,998,chenjin-niu_fanpicture
303000000483,999,chenjin-red_fanquan
303000000484,1000,chenjin-red_fanyouxi
303000000485,1001,chenjin-red_fanpicture
303000000486,1002,chenjin-red_lahuo
303000000487,1003,chenjin-fanquan_lahuo
303000000488,1004,chenjin-fanyouxi_lahuo
303000000489,1005,chenjin-fanpicture_lahuo
303000000490,1006,chenjin-niu_red_fanquan
303000000491,1007,chenjin-niu_red_fanyouxi
303000000492,1008,chenjin-niu_red_fanpicture
303000000493,1009,chenjin-niu_red_lahuo
303000000494,1010,chenjin-red_fanquan_lahuo
303000000495,1011,chenjin-red_fanyouxi_lahuo
303000000496,1012,chenjin-red_fanpicture_lahuo
303000000497,1013,chenjin-niu_fanquan_lahuo
303000000498,1014,chenjin-niu_fanyouxi_lahuo
303000000499,1015,chenjin-niu_fanpicture_lahuo
303000000500,1016,chenjin-niu_red_fanquan_lahuo
303000000501,1017,chenjin-niu_red_fanyouxi_lahuo
303000000502,1018,chenjin-niu_red_fanpicture_lahuo
303000000503,1019,chenjin-niu_qipao
303000000504,1020,chenjin-qipao_fanquan
303000000505,1021,chenjin-qipao_fanyouxi
303000000506,1022,chenjin-qipao_fanpicture
303000000507,1023,chenjin-qipao_lahuo
303000000508,1024,chenjin-niu_qipao_fanquan
303000000509,1025,chenjin-niu_qipao_fanyouxi
303000000510,1026,chenjin-niu_qipao_fanpicture
303000000511,1027,chenjin-niu_qipao_lahuo
303000000512,1028,chenjin-qipao_fanquan_lahuo
303000000513,1029,chenjin-qipao_fanyouxi_lahuo
303000000514,1030,chenjin-qipao_fanpicture_lahuo
303000000515,1031,chenjin-niu_qipao_fanquan_lahuo
303000000516,1032,chenjin-niu_qipao_fanyouxi_lahuo
303000000517,1033,chenjin-niu_qipao_fanpicture_lahuo
303000000518,1034,tuwen10-niudong
303000000519,1035,tuwen10-yaodong
303000000520,1036,tuwen10-redyu
303000000521,1037,tuwen10-qipaoyu
303000000522,1038,tuwen10-lahuo
303000000523,1039,tuwen10-fanquan
303000000524,1040,tuwen10-fanyouxi
303000000525,1041,tuwen10-fanpicture
303000000526,1042,tuwen10-niu_redrain
303000000527,1043,tuwen10-niu_lahuo
303000000528,1044,tuwen10-niu_fanquan
303000000529,1045,tuwen10-niu_fanyouxi
303000000530,1046,tuwen10-niu_fanpicture
303000000531,1047,tuwen10-red_fanquan
303000000532,1048,tuwen10-red_fanyouxi
303000000533,1049,tuwen10-red_fanpicture
303000000534,1050,tuwen10-red_lahuo
303000000535,1051,tuwen10-fanquan_lahuo
303000000536,1052,tuwen10-fanyouxi_lahuo
303000000537,1053,tuwen10-fanpicture_lahuo
303000000538,1054,tuwen10-niu_red_fanquan
303000000539,1055,tuwen10-niu_red_fanyouxi
303000000540,1056,tuwen10-niu_red_fanpicture
303000000541,1057,tuwen10-niu_red_lahuo
303000000542,1058,tuwen10-red_fanquan_lahuo
303000000543,1059,tuwen10-red_fanyouxi_lahuo
303000000544,1060,tuwen10-red_fanpicture_lahuo
303000000545,1061,tuwen10-niu_fanquan_lahuo
303000000546,1062,tuwen10-niu_fanyouxi_lahuo
303000000547,1063,tuwen10-niu_fanpicture_lahuo
303000000548,1064,tuwen10-niu_red_fanquan_lahuo
303000000549,1065,tuwen10-niu_red_fanyouxi_lahuo
303000000550,1066,tuwen10-niu_red_fanpicture_lahuo
303000000551,1067,tuwen10-niu_qipao
303000000552,1068,tuwen10-qipao_fanquan
303000000553,1069,tuwen10-qipao_fanyouxi
303000000554,1070,tuwen10-qipao_fanpicture
303000000555,1071,tuwen10-qipao_lahuo
303000000556,1072,tuwen10-niu_qipao_fanquan
303000000557,1073,tuwen10-niu_qipao_fanyouxi
303000000558,1074,tuwen10-niu_qipao_fanpicture
303000000559,1075,tuwen10-niu_qipao_lahuo
303000000560,1076,tuwen10-qipao_fanquan_lahuo
303000000561,1077,tuwen10-qipao_fanyouxi_lahuo
303000000562,1078,tuwen10-qipao_fanpicture_lahuo
303000000563,1079,tuwen10-niu_qipao_fanquan_lahuo
303000000564,1080,tuwen10-niu_qipao_fanyouxi_lahuo
303000000565,1081,tuwen10-niu_qipao_fanpicture_lahuo
303000000566,1082,tuwen9-niudong
303000000567,1083,tuwen9-yaodong
303000000568,1084,tuwen9-redyu
303000000569,1085,tuwen9-qipaoyu
303000000570,1086,tuwen9-lahuo
303000000571,1087,tuwen9-fanquan
303000000572,1088,tuwen9-fanyouxi
303000000573,1089,tuwen9-fanpicture
303000000574,1090,tuwen9-niu_redrain
303000000575,1091,tuwen9-niu_lahuo
303000000576,1092,tuwen9-niu_fanquan
303000000577,1093,tuwen9-niu_fanyouxi
303000000578,1094,tuwen9-niu_fanpicture
303000000579,1095,tuwen9-red_fanquan
303000000580,1096,tuwen9-red_fanyouxi
303000000581,1097,tuwen9-red_fanpicture
303000000582,1098,tuwen9-red_lahuo
303000000583,1099,tuwen9-fanquan_lahuo
303000000584,1100,tuwen9-fanyouxi_lahuo
303000000585,1101,tuwen9-fanpicture_lahuo
303000000586,1102,tuwen9-niu_red_fanquan
303000000587,1103,tuwen9-niu_red_fanyouxi
303000000588,1104,tuwen9-niu_red_fanpicture
303000000589,1105,tuwen9-niu_red_lahuo
303000000590,1106,tuwen9-red_fanquan_lahuo
303000000591,1107,tuwen9-red_fanyouxi_lahuo
303000000592,1108,tuwen9-red_fanpicture_lahuo
303000000593,1109,tuwen9-niu_fanquan_lahuo
303000000594,1110,tuwen9-niu_fanyouxi_lahuo
303000000595,1111,tuwen9-niu_fanpicture_lahuo
303000000596,1112,tuwen9-niu_red_fanquan_lahuo
303000000597,1113,tuwen9-niu_red_fanyouxi_lahuo
303000000598,1114,tuwen9-niu_red_fanpicture_lahuo
303000000599,1115,tuwen9-niu_qipao
303000000600,1116,tuwen9-qipao_fanquan
303000000601,1117,tuwen9-qipao_fanyouxi
303000000602,1118,tuwen9-qipao_fanpicture
303000000603,1119,tuwen9-qipao_lahuo
303000000604,1120,tuwen9-niu_qipao_fanquan
303000000605,1121,tuwen9-niu_qipao_fanyouxi
303000000606,1122,tuwen9-niu_qipao_fanpicture
303000000607,1123,tuwen9-niu_qipao_lahuo
303000000608,1124,tuwen9-qipao_fanquan_lahuo
303000000609,1125,tuwen9-qipao_fanyouxi_lahuo
303000000610,1126,tuwen9-qipao_fanpicture_lahuo
303000000611,1127,tuwen9-niu_qipao_fanquan_lahuo
303000000612,1128,tuwen9-niu_qipao_fanyouxi_lahuo
303000000613,1129,tuwen9-niu_qipao_fanpicture_lahuo
303000000614,1130,yuyue-niudong
303000000615,1131,yuyue-yaodong
303000000616,1132,yuyue-redyu
303000000617,1133,yuyue-qipaoyu
303000000618,1134,yuyue-lahuo
303000000619,1135,yuyue-fanquan
303000000620,1136,yuyue-fanpicture
303000000621,1137,yuyue-niu_redrain
303000000622,1138,yuyue-niu_lahuo
303000000623,1139,yuyue-niu_fanquan
303000000624,1140,yuyue-niu_fanpicture
303000000625,1141,yuyue-red_fanquan
303000000626,1142,yuyue-red_fanpicture
303000000627,1143,yuyue-red_lahuo
303000000628,1144,yuyue-fanquan_lahuo
303000000629,1145,yuyue-fanpicture_lahuo
303000000630,1146,yuyue-niu_red_fanquan
303000000631,1147,yuyue-niu_red_fanpicture
303000000632,1148,yuyue-niu_red_lahuo
303000000633,1149,yuyue-red_fanquan_lahuo
303000000634,1150,yuyue-red_fanpicture_lahuo
303000000635,1151,yuyue-niu_fanquan_lahuo
303000000636,1152,yuyue-niu_fanpicture_lahuo
303000000637,1153,yuyue-niu_red_fanquan_lahuo
303000000638,1154,yuyue-niu_red_fanpicture_lahuo
303000000639,1155,yuyue-niu_qipao
303000000640,1156,yuyue-qipao_fanquan
303000000641,1157,yuyue-qipao_fanpicture
303000000642,1158,yuyue-qipao_lahuo
303000000643,1159,yuyue-niu_qipao_fanquan
303000000644,1160,yuyue-niu_qipao_fanpicture
303000000645,1161,yuyue-niu_qipao_lahuo
303000000646,1162,yuyue-qipao_fanquan_lahuo
303000000647,1163,yuyue-qipao_fanpicture_lahuo
303000000648,1164,yuyue-niu_qipao_fanquan_lahuo
303000000649,1165,yuyue-niu_qipao_fanpicture_lahuo
303000000650,1166,zhangfen-niudong
303000000651,1167,zhangfen-yaodong
303000000652,1168,zhangfen-redyu
303000000653,1169,zhangfen-qipaoyu
303000000654,1170,zhangfen-lahuo
303000000655,1171,zhangfen-fanquan
303000000656,1172,zhangfen-fanpicture
303000000657,1173,zhangfen-niu_redrain
303000000658,1174,zhangfen-niu_lahuo
303000000659,1175,zhangfen-niu_fanquan
303000000660,1176,zhangfen-niu_fanpicture
303000000661,1177,zhangfen-red_fanquan
303000000662,1178,zhangfen-red_fanpicture
303000000663,1179,zhangfen-red_lahuo
303000000664,1180,zhangfen-fanquan_lahuo
303000000665,1181,zhangfen-fanpicture_lahuo
303000000666,1182,zhangfen-niu_red_fanquan
303000000667,1183,zhangfen-niu_red_fanpicture
303000000668,1184,zhangfen-niu_red_lahuo
303000000669,1185,zhangfen-red_fanquan_lahuo
303000000670,1186,zhangfen-red_fanpicture_lahuo
303000000671,1187,zhangfen-niu_fanquan_lahuo
303000000672,1188,zhangfen-niu_fanpicture_lahuo
303000000673,1189,zhangfen-niu_red_fanquan_lahuo
303000000674,1190,zhangfen-niu_red_fanpicture_lahuo
303000000675,1191,zhangfen-niu_qipao
303000000676,1192,zhangfen-qipao_fanquan
303000000677,1193,zhangfen-qipao_fanpicture
303000000678,1194,zhangfen-qipao_lahuo
303000000679,1195,zhangfen-niu_qipao_fanquan
303000000680,1196,zhangfen-niu_qipao_fanpicture
303000000681,1197,zhangfen-niu_qipao_lahuo
303000000682,1198,zhangfen-qipao_fanquan_lahuo
303000000683,1199,zhangfen-qipao_fanpicture_lahuo
303000000684,1200,zhangfen-niu_qipao_fanquan_lahuo
303000000685,1201,zhangfen-niu_qipao_fanpicture_lahuo
303000000686,1202,zhiboliu-niudong
303000000687,1203,zhiboliu-yaodong
303000000688,1204,zhiboliu-redyu
303000000689,1205,zhiboliu-qipaoyu
303000000690,1206,zhiboliu-lahuo
303000000691,1207,zhiboliu-fanquan
303000000692,1208,zhiboliu-fanpicture
303000000693,1209,zhiboliu-niu_redrain
303000000694,1210,zhiboliu-niu_lahuo
303000000695,1211,zhiboliu-niu_fanquan
303000000696,1212,zhiboliu-niu_fanpicture
303000000697,1213,zhiboliu-red_fanquan
303000000698,1214,zhiboliu-red_fanpicture
303000000699,1215,zhiboliu-red_lahuo
303000000700,1216,zhiboliu-fanquan_lahuo
303000000701,1217,zhiboliu-fanpicture_lahuo
303000000702,1218,zhiboliu-niu_red_fanquan
303000000703,1219,zhiboliu-niu_red_fanpicture
303000000704,1220,zhiboliu-niu_red_lahuo
303000000705,1221,zhiboliu-red_fanquan_lahuo
303000000706,1222,zhiboliu-red_fanpicture_lahuo
303000000707,1223,zhiboliu-niu_fanquan_lahuo
303000000708,1224,zhiboliu-niu_fanpicture_lahuo
303000000709,1225,zhiboliu-niu_red_fanquan_lahuo
303000000710,1226,zhiboliu-niu_red_fanpicture_lahuo
303000000711,1227,zhiboliu-niu_qipao
303000000712,1228,zhiboliu-qipao_fanquan
303000000713,1229,zhiboliu-qipao_fanpicture
303000000714,1230,zhiboliu-qipao_lahuo
303000000715,1231,zhiboliu-niu_qipao_fanquan
303000000716,1232,zhiboliu-niu_qipao_fanpicture
303000000717,1233,zhiboliu-niu_qipao_lahuo
303000000718,1234,zhiboliu-qipao_fanquan_lahuo
303000000719,1235,zhiboliu-qipao_fanpicture_lahuo
303000000720,1236,zhiboliu-niu_qipao_fanquan_lahuo
303000000721,1237,zhiboliu-niu_qipao_fanpicture_lahuo
303000000722,1238,caijian-niudong
303000000723,1239,caijian-yaodong
303000000724,1240,caijian-redyu
303000000725,1241,caijian-qipaoyu
303000000726,1242,caijian-lahuo
303000000727,1243,caijian-fanquan
303000000728,1244,caijian-fanpicture
303000000729,1245,caijian-niu_redrain
303000000730,1246,caijian-niu_lahuo
303000000731,1247,caijian-niu_fanquan
303000000732,1248,caijian-niu_fanpicture
303000000733,1249,caijian-red_fanquan
303000000734,1250,caijian-red_fanpicture
303000000735,1251,caijian-red_lahuo
303000000736,1252,caijian-fanquan_lahuo
303000000737,1253,caijian-fanpicture_lahuo
303000000738,1254,caijian-niu_red_fanquan
303000000739,1255,caijian-niu_red_fanpicture
303000000740,1256,caijian-niu_red_lahuo
303000000741,1257,caijian-red_fanquan_lahuo
303000000742,1258,caijian-red_fanpicture_lahuo
303000000743,1259,caijian-niu_fanquan_lahuo
303000000744,1260,caijian-niu_fanpicture_lahuo
303000000745,1261,caijian-niu_red_fanquan_lahuo
303000000746,1262,caijian-niu_red_fanpicture_lahuo
303000000747,1263,caijian-niu_qipao
303000000748,1264,caijian-qipao_fanquan
303000000749,1265,caijian-qipao_fanpicture
303000000750,1266,caijian-qipao_lahuo
303000000751,1267,caijian-niu_qipao_fanquan
303000000752,1268,caijian-niu_qipao_fanpicture
303000000753,1269,caijian-niu_qipao_lahuo
303000000754,1270,caijian-qipao_fanquan_lahuo
303000000755,1271,caijian-qipao_fanpicture_lahuo
303000000756,1272,caijian-niu_qipao_fanquan_lahuo
303000000757,1273,caijian-niu_qipao_fanpicture_lahuo
303000000758,1274,c-card19huangdong
303000000759,1275,c-card29huangdong
303000000760,1276,c-card72huangdong
303000000761,1277,c-card93huangdong
303000000762,1278,c-card74huangdong
303000000763,1279,c-card95huangdong
303000000764,1280,c-card87huangdong
304000000291,1378,zhangfen-kaipingneixunhuan
304000000292,1379,zhangfen-kaipingneixunhuan2
