pageid,name
300000000001,danchunjianbianka
300000000002,jianbianka-niudong
300000000003,jianbianka-yaodong
300000000004,jianbianka-redyu
300000000005,jianbianka-qipaoyu
300000000006,jianbianka-tanchuang_tongyong
300000000007,jianbianka-tanchuang_hongbao
300000000008,jianbianka-lahuo
300000000009,jianbianka-jihuo
300000000010,jianbianka-niu_redrain
300000000011,jianbianka-niu_fulitongyong
300000000012,jianbianka-niu_lahuo
300000000013,jianbianka-red_fulitongyong
300000000014,jianbianka-red_lahuo
300000000015,jianbianka-fulitongyong_lahuo
300000000016,jianbianka-niu_red_fulitongyong
300000000017,jianbianka-niu_red_lahuo
300000000018,jianbianka-niu_fulitongyong_lahuo
300000000019,jianbianka-red_fulitongyong_lahuo
300000000020,jianbianka-red_fulitongyong_lahuo
300000000021,jianbianka-miu_qipao
300000000022,jianbianka-qipao_fulitongyong
300000000023,jianbianka-qipao_lahuo
300000000024,jianbianka-niu_qipao_fulitongyong
300000000025,jianbianka-niu_qipao_lahuo
300000000026,jianbianka-qipao_fulitongyong_lahuo
300000000027,jianbianka-niu_qipao_fulitongyong_lahuo
300000000028,jianbianka-niu_jihuo
300000000029,jianbianka-red_jihuo
300000000030,jianbianka-fulitongyong_jihuo
300000000031,jianbianka-niu_red_jihuo
300000000032,jianbianka-niu_fulitongyong_jihuo
300000000033,jianbianka-red_fulitongyong_jihuo
300000000034,jianbianka-niu_red_fulitongyong_jihuo
300000000035,jianbianka-qipao_jihuo
300000000036,jianbianka-niu_qipao_jihuo
300000000037,jianbianka-qipao_fulitongyong_jihuo
300000000038,jianbianka-niu_qipao_fulitongyong_jihuo
300000000039,jianbianka-niu_fulihongbao
300000000040,jianbianka-red_fulihongbao
300000000041,jianbianka-fulihongbao_lahuo
300000000042,jianbianka-niu_red_fulihongbao
300000000043,jianbianka-niu_fulihongbao_lahuo
300000000044,jianbianka-red_fulihongbao_lahuo
300000000045,jianbianka-niu_red_fulihongbao_lahuo
300000000046,jianbianka-qipao_fulihongbao
300000000047,jianbianka-niu_qipao_fulihongbao
300000000048,jianbianka-qipao_fulihongbao_lahuo
300000000049,jianbianka-niu_qipao_fulihongbao_lahuo
300000000050,jianbianka-fulihongbao_jihuo
300000000051,jianbianka-niu_fulihongbao_jihuo
300000000052,jianbianka-red_fulihongbao_jihuo
300000000053,jianbianka-niu_red_fulihongbao_jihuo
300000000054,jianbianka-qipao_fulihongbao_jihuo
300000000055,jianbianka-niu_qipao_fulihongbao_jihuo
300000000056,tuwen-niudong
300000000057,tuwen-yaodong
300000000058,tuwen-redyu
300000000059,tuwen-qipaoyu
300000000060,tuwen-tanchuang_tongyong
300000000061,tuwen-tanchuang_hongbao
300000000062,tuwen-lahuo
300000000064,tuwen-niu_redrain
300000000065,tuwen-niu_fulitongyong
300000000066,tuwen-niu_lahuo
300000000067,tuwen-red_fulitongyong
300000000068,tuwen-red_lahuo
300000000069,tuwen-fulitongyong_lahuo
300000000070,tuwen-niu_red_fulitongyong
300000000071,tuwen-niu_red_lahuo
300000000072,tuwen-niu_fulitongyong_lahuo
300000000073,tuwen-red_fulitongyong_lahuo
300000000074,tuwen-red_fulitongyong_lahuo
300000000075,tuwen-miu_qipao
300000000076,tuwen-qipao_fulitongyong
300000000077,tuwen-qipao_lahuo
300000000078,tuwen-niu_qipao_fulitongyong
300000000079,tuwen-niu_qipao_lahuo
300000000080,tuwen-qipao_fulitongyong_lahuo
300000000081,tuwen-niu_qipao_fulitongyong_lahuo
300000000093,tuwen-niu_fulihongbao
300000000094,tuwen-red_fulihongbao
300000000095,tuwen-fulihongbao_lahuo
300000000096,tuwen-niu_red_fulihongbao
300000000097,tuwen-niu_fulihongbao_lahuo
300000000098,tuwen-red_fulihongbao_lahuo
300000000099,tuwen-niu_red_fulihongbao_lahuo
300000000100,tuwen-qipao_fulihongbao
300000000101,tuwen-niu_qipao_fulihongbao
300000000102,tuwen-qipao_fulihongbao_lahuo
300000000103,tuwen-niu_qipao_fulihongbao_lahuo
300000000104,tuwen-fulihongbao_jihuo
300000000105,tuwen-niu_fulihongbao_jihuo
300000000106,tuwen-red_fulihongbao_jihuo
300000000107,tuwen-niu_red_fulihongbao_jihuo
300000000108,tuwen-qipao_fulihongbao_jihuo
300000000109,tuwen-niu_qipao_fulihongbao_jihuo
300000000110,tuwen-
300000000111,yuyue-niudong
300000000112,yuyue-yaodong
300000000113,yuyue-redyu
300000000114,yuyue-qipaoyu
300000000115,yuyue-tanchuang_tongyong
300000000116,yuyue-tanchuang_hongbao
300000000117,yuyue-lahuo
300000000118,yuyue-niu_redrain
300000000119,yuyue-niu_fulitongyong
300000000120,yuyue-niu_lahuo
300000000121,yuyue-red_fulitongyong
300000000122,yuyue-red_lahuo
300000000123,yuyue-fulitongyong_lahuo
300000000124,yuyue-niu_red_fulitongyong
300000000125,yuyue-niu_red_lahuo
300000000126,yuyue-niu_fulitongyong_lahuo
300000000127,yuyue-red_fulitongyong_lahuo
300000000128,yuyue-red_fulitongyong_lahuo
300000000129,yuyue-miu_qipao
300000000130,yuyue-qipao_fulitongyong
300000000131,yuyue-qipao_lahuo
300000000132,yuyue-niu_qipao_fulitongyong
300000000133,yuyue-niu_qipao_lahuo
300000000134,yuyue-qipao_fulitongyong_lahuo
300000000135,yuyue-niu_qipao_fulitongyong_lahuo
300000000136,yuyue-niu_fulihongbao
300000000137,yuyue-red_fulihongbao
300000000138,yuyue-fulihongbao_lahuo
300000000139,yuyue-niu_red_fulihongbao
300000000140,yuyue-niu_fulihongbao_lahuo
300000000141,yuyue-red_fulihongbao_lahuo
300000000142,yuyue-niu_red_fulihongbao_lahuo
300000000143,yuyue-qipao_fulihongbao
300000000144,yuyue-niu_qipao_fulihongbao
300000000145,yuyue-qipao_fulihongbao_lahuo
300000000146,yuyue-niu_qipao_fulihongbao_lahuo
300000000147,yuyue-
300000000148,zhangfen-niudong
300000000149,zhangfen-yaodong
300000000150,zhangfen-redyu
300000000151,zhangfen-qipaoyu
300000000152,zhangfen-tanchuang_tongyong
300000000153,zhangfen-tanchuang_hongbao
300000000154,zhangfen-lahuo
300000000155,zhangfen-niu_redrain
300000000156,zhangfen-niu_fulitongyong
300000000157,zhangfen-niu_lahuo
300000000158,zhangfen-red_fulitongyong
300000000159,zhangfen-red_lahuo
300000000160,zhangfen-fulitongyong_lahuo
300000000161,zhangfen-niu_red_fulitongyong
300000000162,zhangfen-niu_red_lahuo
300000000163,zhangfen-niu_fulitongyong_lahuo
300000000164,zhangfen-red_fulitongyong_lahuo
300000000165,zhangfen-red_fulitongyong_lahuo
300000000166,zhangfen-miu_qipao
300000000167,zhangfen-qipao_fulitongyong
300000000168,zhangfen-qipao_lahuo
300000000169,zhangfen-niu_qipao_fulitongyong
300000000170,zhangfen-niu_qipao_lahuo
300000000171,zhangfen-qipao_fulitongyong_lahuo
300000000172,zhangfen-niu_qipao_fulitongyong_lahuo
300000000173,zhangfen-niu_fulihongbao
300000000174,zhangfen-red_fulihongbao
300000000175,zhangfen-fulihongbao_lahuo
300000000176,zhangfen-niu_red_fulihongbao
300000000177,zhangfen-niu_fulihongbao_lahuo
300000000178,zhangfen-red_fulihongbao_lahuo
300000000179,zhangfen-niu_red_fulihongbao_lahuo
300000000180,zhangfen-qipao_fulihongbao
300000000181,zhangfen-niu_qipao_fulihongbao
300000000182,zhangfen-qipao_fulihongbao_lahuo
300000000183,zhangfen-niu_qipao_fulihongbao_lahuo
300000000184,zhangfen-
300000000185,zhiboliu-niudong
300000000186,zhiboliu-yaodong
300000000187,zhiboliu-redyu
300000000188,zhiboliu-qipaoyu
300000000189,zhiboliu-tanchuang_tongyong
300000000190,zhiboliu-tanchuang_hongbao
300000000191,zhiboliu-lahuo
300000000192,zhiboliu-niu_redrain
300000000193,zhiboliu-niu_fulitongyong
300000000194,zhiboliu-niu_lahuo
300000000195,zhiboliu-red_fulitongyong
300000000196,zhiboliu-red_lahuo
300000000197,zhiboliu-fulitongyong_lahuo
300000000198,zhiboliu-niu_red_fulitongyong
300000000199,zhiboliu-niu_red_lahuo
300000000200,zhiboliu-niu_fulitongyong_lahuo
300000000201,zhiboliu-red_fulitongyong_lahuo
300000000202,zhiboliu-red_fulitongyong_lahuo
300000000203,zhiboliu-miu_qipao
300000000204,zhiboliu-qipao_fulitongyong
300000000205,zhiboliu-qipao_lahuo
300000000206,zhiboliu-niu_qipao_fulitongyong
300000000207,zhiboliu-niu_qipao_lahuo
300000000208,zhiboliu-qipao_fulitongyong_lahuo
300000000209,zhiboliu-niu_qipao_fulitongyong_lahuo
300000000210,zhiboliu-niu_fulihongbao
300000000211,zhiboliu-red_fulihongbao
300000000212,zhiboliu-fulihongbao_lahuo
300000000213,zhiboliu-niu_red_fulihongbao
300000000214,zhiboliu-niu_fulihongbao_lahuo
300000000215,zhiboliu-red_fulihongbao_lahuo
300000000216,zhiboliu-niu_red_fulihongbao_lahuo
300000000217,zhiboliu-qipao_fulihongbao
300000000218,zhiboliu-niu_qipao_fulihongbao
300000000219,zhiboliu-qipao_fulihongbao_lahuo
300000000220,zhiboliu-niu_qipao_fulihongbao_lahuo
300000000221,zhiboliu-
300000000222,caijian-niudong
300000000223,caijian-yaodong
300000000224,caijian-redyu
300000000225,caijian-qipaoyu
300000000226,caijian-tanchuang_tongyong
300000000227,caijian-tanchuang_hongbao
300000000228,caijian-lahuo
300000000229,caijian-niu_redrain
300000000230,caijian-niu_fulitongyong
300000000231,caijian-niu_lahuo
300000000232,caijian-red_fulitongyong
300000000233,caijian-red_lahuo
300000000234,caijian-fulitongyong_lahuo
300000000235,caijian-niu_red_fulitongyong
300000000236,caijian-niu_red_lahuo
300000000237,caijian-niu_fulitongyong_lahuo
300000000238,caijian-red_fulitongyong_lahuo
300000000239,caijian-red_fulitongyong_lahuo
300000000240,caijian-miu_qipao
300000000241,caijian-qipao_fulitongyong
300000000242,caijian-qipao_lahuo
300000000243,caijian-niu_qipao_fulitongyong
300000000244,caijian-niu_qipao_lahuo
300000000245,caijian-qipao_fulitongyong_lahuo
300000000246,caijian-niu_qipao_fulitongyong_lahuo
300000000247,caijian-niu_fulihongbao
300000000248,caijian-red_fulihongbao
300000000249,caijian-fulihongbao_lahuo
300000000250,caijian-niu_red_fulihongbao
300000000251,caijian-niu_fulihongbao_lahuo
300000000252,caijian-red_fulihongbao_lahuo
300000000253,caijian-niu_red_fulihongbao_lahuo
300000000254,caijian-qipao_fulihongbao
300000000255,caijian-niu_qipao_fulihongbao
300000000256,caijian-qipao_fulihongbao_lahuo
300000000257,caijian-niu_qipao_fulihongbao_lahuo
300000000258,caijian-
300000000259,c-card19
300000000260,c-card53
300000000261,c-card29
300000000262,c-card51
300000000263,c-card72
300000000264,c-card93
300000000265,c-card74
300000000266,c-card109
300000000267,c-card95
300000000268,c-card87
300000000269,c-biaodanqianzhi
300000000270,c-card19huangdong
300000000271,c-card29huangdong
300000000272,c-card72huangdong
300000000273,c-card93huangdong
300000000274,c-card74huangdong
300000000275,c-card95huangdong
300000000276,c-card87huangdong
304000000001,redpacket-cl-rotate-combo-35
304000000002,redpacket-cl-rotate-combo-34
304000000003,redpacket-cl-rotate-combo-33
304000000004,redpacket-cl-rotate-combo-32
304000000005,redpacket-cl-rotate-combo-31
304000000006,redpacket-cl-rotate-combo-2
304000000007,redpacket-cl-rotate-combo-1
304000000008,redpacket-cl-rotate-combo-37-custom-1
304000000009,redpacket-cl-rotate-combo-37-custom-2
304000000010,redpacket-cl-normal-rotate
304000000011,redpacket-cl-shake-combo-3
304000000012,redpacket-cl-normal-shake
304000000013,redpacket-cl-slide-click-combined
304000000014,redpacket-cl-normal-slide-gesture
304000000015,redpacket-cl-click-cycle
304000000016,redpacket-cl-click-hand
304000000017,redpacket-cl-static-actionbar
304000000018,redpacket-ol-rotate-combo-35
304000000019,redpacket-ol-rotate-combo-34
304000000020,redpacket-ol-rotate-combo-33
304000000021,redpacket-ol-rotate-combo-32
304000000022,redpacket-ol-rotate-combo-31
304000000023,redpacket-ol-rotate-combo-2
304000000024,redpacket-ol-rotate-combo-1
304000000025,redpacket-ol-rotate-combo-37-custom-1
304000000026,redpacket-ol-rotate-combo-37-custom-2
304000000027,redpacket-ol-normal-rotate
304000000028,redpacket-ol-shake-combo-3
304000000029,redpacket-ol-normal-shake
304000000030,redpacket-ol-slide-click-combined
304000000031,redpacket-ol-normal-slide-gesture
304000000032,redpacket-ol-click-cycle
304000000033,redpacket-ol-click-hand
304000000034,redpacket-ol-static-actionbar
304000000035,redpacket-cr-rotate-combo-35
304000000036,redpacket-cr-rotate-combo-34
304000000037,redpacket-cr-rotate-combo-33
304000000038,redpacket-cr-rotate-combo-32
304000000039,redpacket-cr-rotate-combo-31
304000000040,redpacket-cr-rotate-combo-2
304000000041,redpacket-cr-rotate-combo-1
304000000042,redpacket-cr-rotate-combo-37-custom-1
304000000043,redpacket-cr-rotate-combo-37-custom-2
304000000044,redpacket-cr-normal-rotate
304000000045,redpacket-cr-shake-combo-3
304000000046,redpacket-cr-normal-shake
304000000047,redpacket-cr-slide-click-combined
304000000048,redpacket-cr-normal-slide-gesture
304000000049,redpacket-cr-click-cycle
304000000050,redpacket-cr-click-hand
304000000051,redpacket-cr-static-actionbar
304000000052,redpacket-or-rotate-combo-35
304000000053,redpacket-or-rotate-combo-34
304000000054,redpacket-or-rotate-combo-33
304000000055,redpacket-or-rotate-combo-32
304000000056,redpacket-or-rotate-combo-31
304000000057,redpacket-or-rotate-combo-2
304000000058,redpacket-or-rotate-combo-1
304000000059,redpacket-or-rotate-combo-37-custom-1
304000000060,redpacket-or-rotate-combo-37-custom-2
304000000061,redpacket-or-normal-rotate
304000000062,redpacket-or-shake-combo-3
304000000063,redpacket-or-normal-shake
304000000064,redpacket-or-slide-click-combined
304000000065,redpacket-or-normal-slide-gesture
304000000066,redpacket-or-click-cycle
304000000067,redpacket-or-click-hand
304000000068,redpacket-or-static-actionbar
304000000069,bubble-cl-rotate-combo-35
304000000070,bubble-cl-rotate-combo-34
304000000071,bubble-cl-rotate-combo-33
304000000072,bubble-cl-rotate-combo-32
304000000073,bubble-cl-rotate-combo-31
304000000074,bubble-cl-rotate-combo-2
304000000075,bubble-cl-rotate-combo-1
304000000076,bubble-cl-rotate-combo-37-custom-1
304000000077,bubble-cl-rotate-combo-37-custom-2
304000000078,bubble-cl-normal-rotate
304000000079,bubble-cl-shake-combo-3
304000000080,bubble-cl-normal-shake
304000000081,bubble-cl-slide-click-combined
304000000082,bubble-cl-normal-slide-gesture
304000000083,bubble-cl-click-cycle
304000000084,bubble-cl-click-hand
304000000085,bubble-cl-static-actionbar
304000000086,bubble-ol-rotate-combo-35
304000000087,bubble-ol-rotate-combo-34
304000000088,bubble-ol-rotate-combo-33
304000000089,bubble-ol-rotate-combo-32
304000000090,bubble-ol-rotate-combo-31
304000000091,bubble-ol-rotate-combo-2
304000000092,bubble-ol-rotate-combo-1
304000000093,bubble-ol-rotate-combo-37-custom-1
304000000094,bubble-ol-rotate-combo-37-custom-2
304000000095,bubble-ol-normal-rotate
304000000096,bubble-ol-shake-combo-3
304000000097,bubble-ol-normal-shake
304000000098,bubble-ol-slide-click-combined
304000000099,bubble-ol-normal-slide-gesture
304000000100,bubble-ol-click-cycle
304000000101,bubble-ol-click-hand
304000000102,bubble-ol-static-actionbar
304000000103,bubble-cr-rotate-combo-35
304000000104,bubble-cr-rotate-combo-34
304000000105,bubble-cr-rotate-combo-33
304000000106,bubble-cr-rotate-combo-32
304000000107,bubble-cr-rotate-combo-31
304000000108,bubble-cr-rotate-combo-2
304000000109,bubble-cr-rotate-combo-1
304000000110,bubble-cr-rotate-combo-37-custom-1
304000000111,bubble-cr-rotate-combo-37-custom-2
304000000112,bubble-cr-normal-rotate
304000000113,bubble-cr-shake-combo-3
304000000114,bubble-cr-normal-shake
304000000115,bubble-cr-slide-click-combined
304000000116,bubble-cr-normal-slide-gesture
304000000117,bubble-cr-click-cycle
304000000118,bubble-cr-click-hand
304000000119,bubble-cr-static-actionbar
304000000120,bubble-or-rotate-combo-35
304000000121,bubble-or-rotate-combo-34
304000000122,bubble-or-rotate-combo-33
304000000123,bubble-or-rotate-combo-32
304000000124,bubble-or-rotate-combo-31
304000000125,bubble-or-rotate-combo-2
304000000126,bubble-or-rotate-combo-1
304000000127,bubble-or-rotate-combo-37-custom-1
304000000128,bubble-or-rotate-combo-37-custom-2
304000000129,bubble-or-normal-rotate
304000000130,bubble-or-shake-combo-3
304000000131,bubble-or-normal-shake
304000000132,bubble-or-slide-click-combined
304000000133,bubble-or-normal-slide-gesture
304000000134,bubble-or-click-cycle
304000000135,bubble-or-click-hand
304000000136,bubble-or-static-actionbar
304000000137,giftbox-cl-rotate-combo-35
304000000138,giftbox-cl-rotate-combo-34
304000000139,giftbox-cl-rotate-combo-33
304000000140,giftbox-cl-rotate-combo-32
304000000141,giftbox-cl-rotate-combo-31
304000000142,giftbox-cl-rotate-combo-2
304000000143,giftbox-cl-rotate-combo-1
304000000144,giftbox-cl-rotate-combo-37-custom-1
304000000145,giftbox-cl-rotate-combo-37-custom-2
304000000146,giftbox-cl-normal-rotate
304000000147,giftbox-cl-shake-combo-3
304000000148,giftbox-cl-normal-shake
304000000149,giftbox-cl-slide-click-combined
304000000150,giftbox-cl-normal-slide-gesture
304000000151,giftbox-cl-click-cycle
304000000152,giftbox-cl-click-hand
304000000153,giftbox-cl-static-actionbar
304000000154,giftbox-ol-rotate-combo-35
304000000155,giftbox-ol-rotate-combo-34
304000000156,giftbox-ol-rotate-combo-33
304000000157,giftbox-ol-rotate-combo-32
304000000158,giftbox-ol-rotate-combo-31
304000000159,giftbox-ol-rotate-combo-2
304000000160,giftbox-ol-rotate-combo-1
304000000161,giftbox-ol-rotate-combo-37-custom-1
304000000162,giftbox-ol-rotate-combo-37-custom-2
304000000163,giftbox-ol-normal-rotate
304000000164,giftbox-ol-shake-combo-3
304000000165,giftbox-ol-normal-shake
304000000166,giftbox-ol-slide-click-combined
304000000167,giftbox-ol-normal-slide-gesture
304000000168,giftbox-ol-click-cycle
304000000169,giftbox-ol-click-hand
304000000170,giftbox-ol-static-actionbar
304000000171,giftbox-cr-rotate-combo-35
304000000172,giftbox-cr-rotate-combo-34
304000000173,giftbox-cr-rotate-combo-33
304000000174,giftbox-cr-rotate-combo-32
304000000175,giftbox-cr-rotate-combo-31
304000000176,giftbox-cr-rotate-combo-2
304000000177,giftbox-cr-rotate-combo-1
304000000178,giftbox-cr-rotate-combo-37-custom-1
304000000179,giftbox-cr-rotate-combo-37-custom-2
304000000180,giftbox-cr-normal-rotate
304000000181,giftbox-cr-shake-combo-3
304000000182,giftbox-cr-normal-shake
304000000183,giftbox-cr-slide-click-combined
304000000184,giftbox-cr-normal-slide-gesture
304000000185,giftbox-cr-click-cycle
304000000186,giftbox-cr-click-hand
304000000187,giftbox-cr-static-actionbar
304000000188,giftbox-or-rotate-combo-35
304000000189,giftbox-or-rotate-combo-34
304000000190,giftbox-or-rotate-combo-33
304000000191,giftbox-or-rotate-combo-32
304000000192,giftbox-or-rotate-combo-31
304000000193,giftbox-or-rotate-combo-2
304000000194,giftbox-or-rotate-combo-1
304000000195,giftbox-or-rotate-combo-37-custom-1
304000000196,giftbox-or-rotate-combo-37-custom-2
304000000197,giftbox-or-normal-rotate
304000000198,giftbox-or-shake-combo-3
304000000199,giftbox-or-normal-shake
304000000200,giftbox-or-slide-click-combined
304000000201,giftbox-or-normal-slide-gesture
304000000202,giftbox-or-click-cycle
304000000203,giftbox-or-click-hand
304000000204,giftbox-or-static-actionbar
304000000205,cl-rotate-combo-35
304000000206,cl-rotate-combo-34
304000000207,cl-rotate-combo-33
304000000208,cl-rotate-combo-32
304000000209,cl-rotate-combo-31
304000000210,cl-rotate-combo-2
304000000211,cl-rotate-combo-1
304000000212,cl-rotate-combo-37-custom-1
304000000213,cl-rotate-combo-37-custom-2
304000000214,cl-normal-rotate
304000000215,cl-shake-combo-3
304000000216,cl-normal-shake
304000000217,cl-slide-click-combined
304000000218,cl-normal-slide-gesture
304000000219,cl-click-cycle
304000000220,cl-click-hand
304000000221,cl-static-actionbar
304000000222,ol-rotate-combo-35
304000000223,ol-rotate-combo-34
304000000224,ol-rotate-combo-33
304000000225,ol-rotate-combo-32
304000000226,ol-rotate-combo-31
304000000227,ol-rotate-combo-2
304000000228,ol-rotate-combo-1
304000000229,ol-rotate-combo-37-custom-1
304000000230,ol-rotate-combo-37-custom-2
304000000231,ol-normal-rotate
304000000232,ol-shake-combo-3
304000000233,ol-normal-shake
304000000234,ol-slide-click-combined
304000000235,ol-normal-slide-gesture
304000000236,ol-click-cycle
304000000237,ol-click-hand
304000000238,ol-static-actionbar
304000000239,cr-rotate-combo-35
304000000240,cr-rotate-combo-34
304000000241,cr-rotate-combo-33
304000000242,cr-rotate-combo-32
304000000243,cr-rotate-combo-31
304000000244,cr-rotate-combo-2
304000000245,cr-rotate-combo-1
304000000246,cr-rotate-combo-37-custom-1
304000000247,cr-rotate-combo-37-custom-2
304000000248,cr-normal-rotate
304000000249,cr-shake-combo-3
304000000250,cr-normal-shake
304000000251,cr-slide-click-combined
304000000252,cr-normal-slide-gesture
304000000253,cr-click-cycle
304000000254,cr-click-hand
304000000255,cr-static-actionbar
304000000256,or-rotate-combo-35
304000000257,or-rotate-combo-34
304000000258,or-rotate-combo-33
304000000259,or-rotate-combo-32
304000000260,or-rotate-combo-31
304000000261,or-rotate-combo-2
304000000262,or-rotate-combo-1
304000000263,or-rotate-combo-37-custom-1
304000000264,or-rotate-combo-37-custom-2
304000000265,or-normal-rotate
304000000266,or-shake-combo-3
304000000267,or-normal-shake
304000000268,or-slide-click-combined
304000000269,or-normal-slide-gesture
304000000270,or-click-cycle
304000000271,or-click-hand
304000000272,or-static-actionbar
304000000273,end-splash-rotate
304000000274,end-splash-normal
304000000275,redpacket-cl-rotate-combo-38
304000000276,bubble-cl-rotate-combo-38
304000000277,giftbox-cl-rotate-combo-38
304000000278,cl-rotate-combo-38
304000000279,redpacket-ol-rotate-combo-38
304000000280,bubble-ol-rotate-combo-38
304000000281,giftbox-ol-rotate-combo-38
304000000282,ol-rotate-combo-38
304000000283,redpacket-cr-rotate-combo-38
304000000284,bubble-cr-rotate-combo-38
304000000285,giftbox-cr-rotate-combo-38
304000000286,cr-rotate-combo-38
304000000287,redpacket-or-rotate-combo-38
304000000288,bubble-or-rotate-combo-38
304000000289,giftbox-or-rotate-combo-38
304000000290,or-rotate-combo-38
300000000279,jianbianka-click_reward
300000000280,jianbianka-niu_clickreward
300000000281,jianbianka-niu_clickreward_lahuo
300000000282,jianbianka-red_clickreward
300000000283,jianbianka-clickreward_lahuo
300000000284,jianbianka-niu_red_clickreward
300000000285,jianbianka-qipao_clickreward
300000000286,jianbianka-niu_qipao_clickreward
300000000287,jianbianka-qipao_clickreward_lahuo
300000000288,jianbianka-niu_qipao_clickreward_lahuo
300000000289,jianbianka-red_clickreward_lahuo
300000000290,jianbianka-niu_red_clickreward_lahuo
300000000291,tuwen-click_reward
300000000292,tuwen-niu_clickreward
300000000293,tuwen-niu_clickreward_lahuo
300000000294,tuwen-red_clickreward
300000000295,tuwen-clickreward_lahuo
300000000296,tuwen-niu_red_clickreward
300000000297,tuwen-qipao_clickreward
300000000298,tuwen-niu_qipao_clickreward
300000000299,tuwen-qipao_clickreward_lahuo
300000000300,tuwen-niu_qipao_clickreward_lahuo
300000000301,tuwen-red_clickreward_lahuo
300000000302,tuwen-niu_red_clickreward_lahuo
313000000001,redpacket-l-rotate-combo-special
313000000002,redpacket-l-rotate-combo-rect
313000000003,redpacket-l-shake-combo-special
313000000004,redpacket-l-shake-combo-rect
313000000005,redpacket-l-normal-special
313000000006,redpacket-l-normal-rect
313000000007,redpacket-l-normal-rect-horizontal-2
313000000008,redpacket-l-normal-rect-horizontal-3
313000000009,redpacket-l-industry-redpacket-normal
313000000010,redpacket-l-industry-redpacket-shake
313000000011,redpacket-l-industry-redpacket-rotate
313000000012,redpacket-l-live-rotate
313000000013,redpacket-l-live-shake
313000000014,redpacket-l-live-normal
313000000015,redpacket-l-sample-live-rotate
313000000016,redpacket-l-sample-live-shake
313000000017,redpacket-l-sample-live-normal
313000000018,redpacket-r-rotate-combo-special
313000000019,redpacket-r-rotate-combo-rect
313000000020,redpacket-r-shake-combo-special
313000000021,redpacket-r-shake-combo-rect
313000000022,redpacket-r-normal-special
313000000023,redpacket-r-normal-rect
313000000024,redpacket-r-normal-rect-horizontal-2
313000000025,redpacket-r-normal-rect-horizontal-3
313000000026,redpacket-r-industry-redpacket-normal
313000000027,redpacket-r-industry-redpacket-shake
313000000028,redpacket-r-industry-redpacket-rotate
313000000029,redpacket-r-live-rotate
313000000030,redpacket-r-live-shake
313000000031,redpacket-r-live-normal
313000000032,redpacket-r-sample-live-rotate
313000000033,redpacket-r-sample-live-shake
313000000034,redpacket-r-sample-live-normal
313000000035,bubble-l-rotate-combo-special
313000000036,bubble-l-rotate-combo-rect
313000000037,bubble-l-shake-combo-special
313000000038,bubble-l-shake-combo-rect
313000000039,bubble-l-normal-special
313000000040,bubble-l-normal-rect
313000000041,bubble-l-normal-rect-horizontal-2
313000000042,bubble-l-normal-rect-horizontal-3
313000000043,bubble-l-industry-redpacket-normal
313000000044,bubble-l-industry-redpacket-shake
313000000045,bubble-l-industry-redpacket-rotate
313000000046,bubble-l-live-rotate
313000000047,bubble-l-live-shake
313000000048,bubble-l-live-normal
313000000049,bubble-l-sample-live-rotate
313000000050,bubble-l-sample-live-shake
313000000051,bubble-l-sample-live-normal
313000000052,bubble-r-rotate-combo-special
313000000053,bubble-r-rotate-combo-rect
313000000054,bubble-r-shake-combo-special
313000000055,bubble-r-shake-combo-rect
313000000056,bubble-r-normal-special
313000000057,bubble-r-normal-rect
313000000058,bubble-r-normal-rect-horizontal-2
313000000059,bubble-r-normal-rect-horizontal-3
313000000060,bubble-r-industry-redpacket-normal
313000000061,bubble-r-industry-redpacket-shake
313000000062,bubble-r-industry-redpacket-rotate
313000000063,bubble-r-live-rotate
313000000064,bubble-r-live-shake
313000000065,bubble-r-live-normal
313000000066,bubble-r-sample-live-rotate
313000000067,bubble-r-sample-live-shake
313000000068,bubble-r-sample-live-normal
313000000069,caidan-l-rotate-combo-special
313000000070,caidan-l-rotate-combo-rect
313000000071,caidan-l-shake-combo-special
313000000072,caidan-l-shake-combo-rect
313000000073,caidan-l-normal-special
313000000074,caidan-l-normal-rect
313000000075,caidan-l-normal-rect-horizontal-2
313000000076,caidan-l-normal-rect-horizontal-3
313000000077,caidan-l-industry-redpacket-normal
313000000078,caidan-l-industry-redpacket-shake
313000000079,caidan-l-industry-redpacket-rotate
313000000080,caidan-l-live-rotate
313000000081,caidan-l-live-shake
313000000082,caidan-l-live-normal
313000000083,caidan-l-sample-live-rotate
313000000084,caidan-l-sample-live-shake
313000000085,caidan-l-sample-live-normal
313000000086,caidan-r-rotate-combo-special
313000000087,caidan-r-rotate-combo-rect
313000000088,caidan-r-shake-combo-special
313000000089,caidan-r-shake-combo-rect
313000000090,caidan-r-normal-special
313000000091,caidan-r-normal-rect
313000000092,caidan-r-normal-rect-horizontal-2
313000000093,caidan-r-normal-rect-horizontal-3
313000000094,caidan-r-industry-redpacket-normal
313000000095,caidan-r-industry-redpacket-shake
313000000096,caidan-r-industry-redpacket-rotate
313000000097,caidan-r-live-rotate
313000000098,caidan-r-live-shake
313000000099,caidan-r-live-normal
313000000100,caidan-r-sample-live-rotate
313000000101,caidan-r-sample-live-shake
313000000102,caidan-r-sample-live-normal
313000000103,lahuo-l-rotate-combo-special
313000000104,lahuo-l-rotate-combo-rect
313000000105,lahuo-l-shake-combo-special
313000000106,lahuo-l-shake-combo-rect
313000000107,lahuo-l-normal-special
313000000108,lahuo-l-normal-rect
313000000109,lahuo-l-normal-rect-horizontal-2
313000000110,lahuo-l-normal-rect-horizontal-3
313000000111,lahuo-l-industry-redpacket-normal
313000000112,lahuo-l-industry-redpacket-shake
313000000113,lahuo-l-industry-redpacket-rotate
313000000114,lahuo-l-live-rotate
313000000115,lahuo-l-live-shake
313000000116,lahuo-l-live-normal
313000000117,lahuo-l-sample-live-rotate
313000000118,lahuo-l-sample-live-shake
313000000119,lahuo-l-sample-live-normal
313000000120,lahuo-r-rotate-combo-special
313000000121,lahuo-r-rotate-combo-rect
313000000122,lahuo-r-shake-combo-special
313000000123,lahuo-r-shake-combo-rect
313000000124,lahuo-r-normal-special
313000000125,lahuo-r-normal-rect
313000000126,lahuo-r-normal-rect-horizontal-2
313000000127,lahuo-r-normal-rect-horizontal-3
313000000128,lahuo-r-industry-redpacket-normal
313000000129,lahuo-r-industry-redpacket-shake
313000000130,lahuo-r-industry-redpacket-rotate
313000000131,lahuo-r-live-rotate
313000000132,lahuo-r-live-shake
313000000133,lahuo-r-live-normal
313000000134,lahuo-r-sample-live-rotate
313000000135,lahuo-r-sample-live-shake
313000000136,lahuo-r-sample-live-normal
313000000137,l-rotate-combo-special
313000000138,l-rotate-combo-rect
313000000139,l-shake-combo-special
313000000140,l-shake-combo-rect
313000000141,l-normal-special
313000000142,l-normal-rect
313000000143,l-normal-rect-horizontal-2
313000000144,l-normal-rect-horizontal-3
313000000145,l-industry-redpacket-normal
313000000146,l-industry-redpacket-shake
313000000147,l-industry-redpacket-rotate
313000000148,l-live-rotate
313000000149,l-live-shake
313000000150,l-live-normal
313000000151,l-sample-live-rotate
313000000152,l-sample-live-shake
313000000153,l-sample-live-normal
313000000154,r-rotate-combo-special
313000000155,r-rotate-combo-rect
313000000156,r-shake-combo-special
313000000157,r-shake-combo-rect
313000000158,r-normal-special
313000000159,r-normal-rect
313000000160,r-normal-rect-horizontal-2
313000000161,r-normal-rect-horizontal-3
313000000162,r-industry-redpacket-normal
313000000163,r-industry-redpacket-shake
313000000164,r-industry-redpacket-rotate
313000000165,r-live-rotate
313000000166,r-live-shake
313000000167,r-live-normal
313000000168,r-sample-live-rotate
313000000169,r-sample-live-shake
313000000170,r-sample-live-normal
313000000171,l-inter-end-normal
313000000172,l-inter-end-rotate
313000000173,l-inter-end-shake
313000000174,r-inter-end-normal
313000000175,r-inter-end-rotate
313000000176,r-inter-end-shake
300000000303,jianbianka-fanquan
300000000304,jianbianka-fanyouxi
300000000305,jianbianka-fanpicture
300000000306,jianbianka-niu_fanquan
300000000307,jianbianka-niu_fanquan_lahuo
300000000308,jianbianka-niu_fanyouxi
300000000309,jianbianka-niu_fanyouxi_lahuo
300000000310,jianbianka-niu_fanpicture
300000000311,jianbianka-niu_fanpicture_lahuo
300000000312,tuwen-fanquan
300000000313,tuwen-fanyouxi
300000000314,tuwen-fanpicture
300000000315,tuwen-niu_fanquan
300000000316,tuwen-niu_fanquan_lahuo
300000000317,tuwen-niu_fanyouxi
300000000318,tuwen-niu_fanyouxi_lahuo
300000000319,tuwen-niu_fanpicture
300000000320,tuwen-niu_fanpicture_lahuo
313000000185,hongbao-lahuo-cardbottoml-rotate-combo-special
313000000186,hongbao-lahuo-cardbottoml-rotate-combo-rect
313000000187,hongbao-lahuo-cardbottoml-shake-combo-special
313000000188,hongbao-lahuo-cardbottoml-shake-combo-rect
313000000189,hongbao-lahuo-cardbottoml-normal-special
313000000190,hongbao-lahuo-cardbottoml-normal-rect
313000000191,hongbao-lahuo-cardbottoml-normal-rect-horizontal-2
313000000192,hongbao-lahuo-cardbottoml-normal-rect-horizontal-3
313000000193,hongbao-lahuo-cardbottoml-industry-redpacket-normal
313000000194,hongbao-lahuo-cardbottoml-industry-redpacket-shake
313000000195,hongbao-lahuo-cardbottoml-industry-redpacket-rotate
313000000196,hongbao-lahuo-cardbottoml-live-rotate
313000000197,hongbao-lahuo-cardbottoml-live-shake
313000000198,hongbao-lahuo-cardbottoml-live-normal
313000000199,hongbao-lahuo-cardbottoml-sample-live-rotate
313000000200,hongbao-lahuo-cardbottoml-sample-live-shake
313000000201,hongbao-lahuo-cardbottoml-sample-live-normal
313000000202,hongbao-lahuo-cardbottomr-rotate-combo-special
313000000203,hongbao-lahuo-cardbottomr-rotate-combo-rect
313000000204,hongbao-lahuo-cardbottomr-shake-combo-special
313000000205,hongbao-lahuo-cardbottomr-shake-combo-rect
313000000206,hongbao-lahuo-cardbottomr-normal-special
313000000207,hongbao-lahuo-cardbottomr-normal-rect
313000000208,hongbao-lahuo-cardbottomr-normal-rect-horizontal-2
313000000209,hongbao-lahuo-cardbottomr-normal-rect-horizontal-3
313000000210,hongbao-lahuo-cardbottomr-industry-redpacket-normal
313000000211,hongbao-lahuo-cardbottomr-industry-redpacket-shake
313000000212,hongbao-lahuo-cardbottomr-industry-redpacket-rotate
313000000213,hongbao-lahuo-cardbottomr-live-rotate
313000000214,hongbao-lahuo-cardbottomr-live-shake
313000000215,hongbao-lahuo-cardbottomr-live-normal
313000000216,hongbao-lahuo-cardbottomr-sample-live-rotate
313000000217,hongbao-lahuo-cardbottomr-sample-live-shake
313000000218,hongbao-lahuo-cardbottomr-sample-live-normal
313000000219,qipao-lahuo-cardbottoml-rotate-combo-special
313000000220,qipao-lahuo-cardbottoml-rotate-combo-rect
313000000221,qipao-lahuo-cardbottoml-shake-combo-special
313000000222,qipao-lahuo-cardbottoml-shake-combo-rect
313000000223,qipao-lahuo-cardbottoml-normal-special
313000000224,qipao-lahuo-cardbottoml-normal-rect
313000000225,qipao-lahuo-cardbottoml-normal-rect-horizontal-2
313000000226,qipao-lahuo-cardbottoml-normal-rect-horizontal-3
313000000227,qipao-lahuo-cardbottoml-industry-redpacket-normal
313000000228,qipao-lahuo-cardbottoml-industry-redpacket-shake
313000000229,qipao-lahuo-cardbottoml-industry-redpacket-rotate
313000000230,qipao-lahuo-cardbottoml-live-rotate
313000000231,qipao-lahuo-cardbottoml-live-shake
313000000232,qipao-lahuo-cardbottoml-live-normal
313000000233,qipao-lahuo-cardbottoml-sample-live-rotate
313000000234,qipao-lahuo-cardbottoml-sample-live-shake
313000000235,qipao-lahuo-cardbottoml-sample-live-normal
313000000236,qipao-lahuo-cardbottomr-rotate-combo-special
313000000237,qipao-lahuo-cardbottomr-rotate-combo-rect
313000000238,qipao-lahuo-cardbottomr-shake-combo-special
313000000239,qipao-lahuo-cardbottomr-shake-combo-rect
313000000240,qipao-lahuo-cardbottomr-normal-special
313000000241,qipao-lahuo-cardbottomr-normal-rect
313000000242,qipao-lahuo-cardbottomr-normal-rect-horizontal-2
313000000243,qipao-lahuo-cardbottomr-normal-rect-horizontal-3
313000000244,qipao-lahuo-cardbottomr-industry-redpacket-normal
313000000245,qipao-lahuo-cardbottomr-industry-redpacket-shake
313000000246,qipao-lahuo-cardbottomr-industry-redpacket-rotate
313000000247,qipao-lahuo-cardbottomr-live-rotate
313000000248,qipao-lahuo-cardbottomr-live-shake
313000000249,qipao-lahuo-cardbottomr-live-normal
313000000250,qipao-lahuo-cardbottomr-sample-live-rotate
313000000251,qipao-lahuo-cardbottomr-sample-live-shake
313000000252,qipao-lahuo-cardbottomr-sample-live-normal
313000000253,caidan-lahuo-cardbottoml-rotate-combo-special
313000000254,caidan-lahuo-cardbottoml-rotate-combo-rect
313000000255,caidan-lahuo-cardbottoml-shake-combo-special
313000000256,caidan-lahuo-cardbottoml-shake-combo-rect
313000000257,caidan-lahuo-cardbottoml-normal-special
313000000258,caidan-lahuo-cardbottoml-normal-rect
313000000259,caidan-lahuo-cardbottoml-normal-rect-horizontal-2
313000000260,caidan-lahuo-cardbottoml-normal-rect-horizontal-3
313000000261,caidan-lahuo-cardbottoml-industry-redpacket-normal
313000000262,caidan-lahuo-cardbottoml-industry-redpacket-shake
313000000263,caidan-lahuo-cardbottoml-industry-redpacket-rotate
313000000264,caidan-lahuo-cardbottoml-live-rotate
313000000265,caidan-lahuo-cardbottoml-live-shake
313000000266,caidan-lahuo-cardbottoml-live-normal
313000000267,caidan-lahuo-cardbottoml-sample-live-rotate
313000000268,caidan-lahuo-cardbottoml-sample-live-shake
313000000269,caidan-lahuo-cardbottoml-sample-live-normal
313000000270,caidan-lahuo-cardbottomr-rotate-combo-special
313000000271,caidan-lahuo-cardbottomr-rotate-combo-rect
313000000272,caidan-lahuo-cardbottomr-shake-combo-special
313000000273,caidan-lahuo-cardbottomr-shake-combo-rect
313000000274,caidan-lahuo-cardbottomr-normal-special
313000000275,caidan-lahuo-cardbottomr-normal-rect
313000000276,caidan-lahuo-cardbottomr-normal-rect-horizontal-2
313000000277,caidan-lahuo-cardbottomr-normal-rect-horizontal-3
313000000278,caidan-lahuo-cardbottomr-industry-redpacket-normal
313000000279,caidan-lahuo-cardbottomr-industry-redpacket-shake
313000000280,caidan-lahuo-cardbottomr-industry-redpacket-rotate
313000000281,caidan-lahuo-cardbottomr-live-rotate
313000000282,caidan-lahuo-cardbottomr-live-shake
313000000283,caidan-lahuo-cardbottomr-live-normal
313000000284,caidan-lahuo-cardbottomr-sample-live-rotate
313000000285,caidan-lahuo-cardbottomr-sample-live-shake
313000000286,caidan-lahuo-cardbottomr-sample-live-normal
300000000321,zhangfen-fanquan
300000000322,zhangfen-fanpicture
300000000323,zhiboliu-fanquan
300000000324,zhiboliu-fanpicture
300000000325,caijian-fanquan
300000000326,caijian-fanpicture
300000000327,jianbianka-inner_deep_tanchang
300000000328,jianbianka-social-card
300000000329,jianbianka-niu+inner_deep_tanchang
300000000330,jianbianka-niu+socialcard
300000000331,tuwen-social-card
300000000332,tuwen-niu+socialcard
300000000333,jianbian+changan
300000000334,zhangfen+changan
300000000335,caijian+changan
300000000336,yuyue+changan
300000000337,jianbian+changan+lahuo
300000000338,zhangfen+changan+lahuo
300000000339,caijian+changan+lahuo
300000000340,yuyue+changan+lahuo
300000000341,jianbian+changan+jihuo
300000000342,zhangfen+changan+jihuo
300000000343,caijian+changan+jihuo
300000000344,yuyue+changan+jihuo
300000000345,tuwen+changan
300000000346,tuwen+changan+lahuo
300000000347,tuwen+changan+jihuo
300000000348,danchunjianbianka+tianxuanfudai
300000000349,jianbianka-niudong+tianxuanfudai
300000000350,jianbianka-yaodong+tianxuanfudai
300000000351,jianbianka-redyu+tianxuanfudai
300000000352,jianbianka-lahuo+tianxuanfudai
300000000353,jianbianka-jihuo+tianxuanfudai
300000000354,jianbianka-niu_redrain+tianxuanfudai
300000000355,jianbianka-niu_lahuo+tianxuanfudai
300000000356,jianbianka-red_lahuo+tianxuanfudai
300000000357,jianbianka-niu_jihuo+tianxuanfudai
300000000358,jianbianka-red_jihuo+tianxuanfudai
300000000359,tuwen-niudong+tianxuanfudai
300000000360,tuwen-yaodong+tianxuanfudai
300000000361,tuwen-lahuo+tianxuanfudai
300000000362,tuwen-niu_redrain+tianxuanfudai
300000000363,tuwen-niu_lahuo+tianxuanfudai
300000000364,tuwen-+tianxuanfudai
300000000365,danchunjianbianka+tianxuanfudai_noscene1
300000000366,jianbianka-niudong+tianxuanfudai_noscene1
300000000367,jianbianka-yaodong+tianxuanfudai_noscene1
300000000368,jianbianka-redyu+tianxuanfudai_noscene1
300000000369,jianbianka-lahuo+tianxuanfudai_noscene1
300000000370,jianbianka-jihuo+tianxuanfudai_noscene1
300000000371,jianbianka-niu_redrain+tianxuanfudai_noscene1
300000000372,jianbianka-niu_lahuo+tianxuanfudai_noscene1
300000000373,jianbianka-red_lahuo+tianxuanfudai_noscene1
300000000374,jianbianka-niu_jihuo+tianxuanfudai_noscene1
300000000375,jianbianka-red_jihuo+tianxuanfudai_noscene1
300000000376,tuwen-niudong+tianxuanfudai_noscene1
300000000377,tuwen-yaodong+tianxuanfudai_noscene1
300000000378,tuwen-lahuo+tianxuanfudai_noscene1
300000000379,tuwen-niu_redrain+tianxuanfudai_noscene1
300000000380,tuwen-niu_lahuo+tianxuanfudai_noscene1
300000000381,tuwen-+tianxuanfudai_noscene1
300000000382,jianbian_changan+tianxuanfudai
300000000383,jianbian_changan_lahuo+tianxuanfudai
300000000384,jianbian_changan_jihuo+tianxuanfudai
300000000385,caijian_changan+tianxuanfudai
300000000386,yuyue_changan+tianxuanfudai
300000000387,jianbian_changan+tianxuanfudai_noscene1
300000000388,jianbian_changan_lahuo+tianxuanfudai_noscene1
300000000389,jianbian_changan_jihuo+tianxuanfudai_noscene1
300000000390,caijian_changan+tianxuanfudai_noscene1
300000000391,yuyue_changan+tianxuanfudai_noscene1
303000000402,c_jianbian
303000000404,c_tuwen10
303000000405,c_tuwen9
303000000406,c_yuyue
303000000407,c_zhangfen
303000000408,c_zhiboliu
303000000409,c_caijian
303000000410,c-card24
303000000411,c-card19
303000000412,c-card29
303000000413,c-card53
303000000414,c-card51
303000000415,c-card72
303000000416,c-card93
303000000417,c-card74
303000000418,c-card109
303000000419,c-card95
303000000420,c-card87
303000000421,biaodanqianzhi
303000000422,jianbian-niudong
303000000423,jianbian-yaodong
303000000424,jianbian-redyu
303000000425,jianbian-qipaoyu
303000000426,jianbian-lahuo
303000000427,jianbian-fanquan
303000000428,jianbian-fanyouxi
303000000429,jianbian-fanpicture
303000000430,jianbian-niu_redrain
303000000431,jianbian-niu_lahuo
303000000432,jianbian-niu_fanquan
303000000433,jianbian-niu_fanyouxi
303000000434,jianbian-niu_fanpicture
303000000435,jianbian-red_fanquan
303000000436,jianbian-red_fanyouxi
303000000437,jianbian-red_fanpicture
303000000438,jianbian-red_lahuo
303000000439,jianbian-fanquan_lahuo
303000000440,jianbian-fanyouxi_lahuo
303000000441,jianbian-fanpicture_lahuo
303000000442,jianbian-niu_red_fanquan
303000000443,jianbian-niu_red_fanyouxi
303000000444,jianbian-niu_red_fanpicture
303000000445,jianbian-niu_red_lahuo
303000000446,jianbian-red_fanquan_lahuo
303000000447,jianbian-red_fanyouxi_lahuo
303000000448,jianbian-red_fanpicture_lahuo
303000000449,jianbian-niu_fanquan_lahuo
303000000450,jianbian-niu_fanyouxi_lahuo
303000000451,jianbian-niu_fanpicture_lahuo
303000000452,jianbian-niu_red_fanquan_lahuo
303000000453,jianbian-niu_red_fanyouxi_lahuo
303000000454,jianbian-niu_red_fanpicture_lahuo
303000000455,jianbian-niu_qipao
303000000456,jianbian-qipao_fanquan
303000000457,jianbian-qipao_fanyouxi
303000000458,jianbian-qipao_fanpicture
303000000459,jianbian-qipao_lahuo
303000000460,jianbian-niu_qipao_fanquan
303000000461,jianbian-niu_qipao_fanyouxi
303000000462,jianbian-niu_qipao_fanpicture
303000000463,jianbian-niu_qipao_lahuo
303000000464,jianbian-qipao_fanquan_lahuo
303000000465,jianbian-qipao_fanyouxi_lahuo
303000000466,jianbian-qipao_fanpicture_lahuo
303000000467,jianbian-niu_qipao_fanquan_lahuo
303000000468,jianbian-niu_qipao_fanyouxi_lahuo
303000000469,jianbian-niu_qipao_fanpicture_lahuo
303000000470,chenjin-niudong
303000000471,chenjin-yaodong
303000000472,chenjin-redyu
303000000473,chenjin-qipaoyu
303000000474,chenjin-lahuo
303000000475,chenjin-fanquan
303000000476,chenjin-fanyouxi
303000000477,chenjin-fanpicture
303000000478,chenjin-niu_redrain
303000000479,chenjin-niu_lahuo
303000000480,chenjin-niu_fanquan
303000000481,chenjin-niu_fanyouxi
303000000482,chenjin-niu_fanpicture
303000000483,chenjin-red_fanquan
303000000484,chenjin-red_fanyouxi
303000000485,chenjin-red_fanpicture
303000000486,chenjin-red_lahuo
303000000487,chenjin-fanquan_lahuo
303000000488,chenjin-fanyouxi_lahuo
303000000489,chenjin-fanpicture_lahuo
303000000490,chenjin-niu_red_fanquan
303000000491,chenjin-niu_red_fanyouxi
303000000492,chenjin-niu_red_fanpicture
303000000493,chenjin-niu_red_lahuo
303000000494,chenjin-red_fanquan_lahuo
303000000495,chenjin-red_fanyouxi_lahuo
303000000496,chenjin-red_fanpicture_lahuo
303000000497,chenjin-niu_fanquan_lahuo
303000000498,chenjin-niu_fanyouxi_lahuo
303000000499,chenjin-niu_fanpicture_lahuo
303000000500,chenjin-niu_red_fanquan_lahuo
303000000501,chenjin-niu_red_fanyouxi_lahuo
303000000502,chenjin-niu_red_fanpicture_lahuo
303000000503,chenjin-niu_qipao
303000000504,chenjin-qipao_fanquan
303000000505,chenjin-qipao_fanyouxi
303000000506,chenjin-qipao_fanpicture
303000000507,chenjin-qipao_lahuo
303000000508,chenjin-niu_qipao_fanquan
303000000509,chenjin-niu_qipao_fanyouxi
303000000510,chenjin-niu_qipao_fanpicture
303000000511,chenjin-niu_qipao_lahuo
303000000512,chenjin-qipao_fanquan_lahuo
303000000513,chenjin-qipao_fanyouxi_lahuo
303000000514,chenjin-qipao_fanpicture_lahuo
303000000515,chenjin-niu_qipao_fanquan_lahuo
303000000516,chenjin-niu_qipao_fanyouxi_lahuo
303000000517,chenjin-niu_qipao_fanpicture_lahuo
303000000518,tuwen10-niudong
303000000519,tuwen10-yaodong
303000000520,tuwen10-redyu
303000000521,tuwen10-qipaoyu
303000000522,tuwen10-lahuo
303000000523,tuwen10-fanquan
303000000524,tuwen10-fanyouxi
303000000525,tuwen10-fanpicture
303000000526,tuwen10-niu_redrain
303000000527,tuwen10-niu_lahuo
303000000528,tuwen10-niu_fanquan
303000000529,tuwen10-niu_fanyouxi
303000000530,tuwen10-niu_fanpicture
303000000531,tuwen10-red_fanquan
303000000532,tuwen10-red_fanyouxi
303000000533,tuwen10-red_fanpicture
303000000534,tuwen10-red_lahuo
303000000535,tuwen10-fanquan_lahuo
303000000536,tuwen10-fanyouxi_lahuo
303000000537,tuwen10-fanpicture_lahuo
303000000538,tuwen10-niu_red_fanquan
303000000539,tuwen10-niu_red_fanyouxi
303000000540,tuwen10-niu_red_fanpicture
303000000541,tuwen10-niu_red_lahuo
303000000542,tuwen10-red_fanquan_lahuo
303000000543,tuwen10-red_fanyouxi_lahuo
303000000544,tuwen10-red_fanpicture_lahuo
303000000545,tuwen10-niu_fanquan_lahuo
303000000546,tuwen10-niu_fanyouxi_lahuo
303000000547,tuwen10-niu_fanpicture_lahuo
303000000548,tuwen10-niu_red_fanquan_lahuo
303000000549,tuwen10-niu_red_fanyouxi_lahuo
303000000550,tuwen10-niu_red_fanpicture_lahuo
303000000551,tuwen10-niu_qipao
303000000552,tuwen10-qipao_fanquan
303000000553,tuwen10-qipao_fanyouxi
303000000554,tuwen10-qipao_fanpicture
303000000555,tuwen10-qipao_lahuo
303000000556,tuwen10-niu_qipao_fanquan
303000000557,tuwen10-niu_qipao_fanyouxi
303000000558,tuwen10-niu_qipao_fanpicture
303000000559,tuwen10-niu_qipao_lahuo
303000000560,tuwen10-qipao_fanquan_lahuo
303000000561,tuwen10-qipao_fanyouxi_lahuo
303000000562,tuwen10-qipao_fanpicture_lahuo
303000000563,tuwen10-niu_qipao_fanquan_lahuo
303000000564,tuwen10-niu_qipao_fanyouxi_lahuo
303000000565,tuwen10-niu_qipao_fanpicture_lahuo
303000000566,tuwen9-niudong
303000000567,tuwen9-yaodong
303000000568,tuwen9-redyu
303000000569,tuwen9-qipaoyu
303000000570,tuwen9-lahuo
303000000571,tuwen9-fanquan
303000000572,tuwen9-fanyouxi
303000000573,tuwen9-fanpicture
303000000574,tuwen9-niu_redrain
303000000575,tuwen9-niu_lahuo
303000000576,tuwen9-niu_fanquan
303000000577,tuwen9-niu_fanyouxi
303000000578,tuwen9-niu_fanpicture
303000000579,tuwen9-red_fanquan
303000000580,tuwen9-red_fanyouxi
303000000581,tuwen9-red_fanpicture
303000000582,tuwen9-red_lahuo
303000000583,tuwen9-fanquan_lahuo
303000000584,tuwen9-fanyouxi_lahuo
303000000585,tuwen9-fanpicture_lahuo
303000000586,tuwen9-niu_red_fanquan
303000000587,tuwen9-niu_red_fanyouxi
303000000588,tuwen9-niu_red_fanpicture
303000000589,tuwen9-niu_red_lahuo
303000000590,tuwen9-red_fanquan_lahuo
303000000591,tuwen9-red_fanyouxi_lahuo
303000000592,tuwen9-red_fanpicture_lahuo
303000000593,tuwen9-niu_fanquan_lahuo
303000000594,tuwen9-niu_fanyouxi_lahuo
303000000595,tuwen9-niu_fanpicture_lahuo
303000000596,tuwen9-niu_red_fanquan_lahuo
303000000597,tuwen9-niu_red_fanyouxi_lahuo
303000000598,tuwen9-niu_red_fanpicture_lahuo
303000000599,tuwen9-niu_qipao
303000000600,tuwen9-qipao_fanquan
303000000601,tuwen9-qipao_fanyouxi
303000000602,tuwen9-qipao_fanpicture
303000000603,tuwen9-qipao_lahuo
303000000604,tuwen9-niu_qipao_fanquan
303000000605,tuwen9-niu_qipao_fanyouxi
303000000606,tuwen9-niu_qipao_fanpicture
303000000607,tuwen9-niu_qipao_lahuo
303000000608,tuwen9-qipao_fanquan_lahuo
303000000609,tuwen9-qipao_fanyouxi_lahuo
303000000610,tuwen9-qipao_fanpicture_lahuo
303000000611,tuwen9-niu_qipao_fanquan_lahuo
303000000612,tuwen9-niu_qipao_fanyouxi_lahuo
303000000613,tuwen9-niu_qipao_fanpicture_lahuo
303000000614,yuyue-niudong
303000000615,yuyue-yaodong
303000000616,yuyue-redyu
303000000617,yuyue-qipaoyu
303000000618,yuyue-lahuo
303000000619,yuyue-fanquan
303000000620,yuyue-fanpicture
303000000621,yuyue-niu_redrain
303000000622,yuyue-niu_lahuo
303000000623,yuyue-niu_fanquan
303000000624,yuyue-niu_fanpicture
303000000625,yuyue-red_fanquan
303000000626,yuyue-red_fanpicture
303000000627,yuyue-red_lahuo
303000000628,yuyue-fanquan_lahuo
303000000629,yuyue-fanpicture_lahuo
303000000630,yuyue-niu_red_fanquan
303000000631,yuyue-niu_red_fanpicture
303000000632,yuyue-niu_red_lahuo
303000000633,yuyue-red_fanquan_lahuo
303000000634,yuyue-red_fanpicture_lahuo
303000000635,yuyue-niu_fanquan_lahuo
303000000636,yuyue-niu_fanpicture_lahuo
303000000637,yuyue-niu_red_fanquan_lahuo
303000000638,yuyue-niu_red_fanpicture_lahuo
303000000639,yuyue-niu_qipao
303000000640,yuyue-qipao_fanquan
303000000641,yuyue-qipao_fanpicture
303000000642,yuyue-qipao_lahuo
303000000643,yuyue-niu_qipao_fanquan
303000000644,yuyue-niu_qipao_fanpicture
303000000645,yuyue-niu_qipao_lahuo
303000000646,yuyue-qipao_fanquan_lahuo
303000000647,yuyue-qipao_fanpicture_lahuo
303000000648,yuyue-niu_qipao_fanquan_lahuo
303000000649,yuyue-niu_qipao_fanpicture_lahuo
303000000650,zhangfen-niudong
303000000651,zhangfen-yaodong
303000000652,zhangfen-redyu
303000000653,zhangfen-qipaoyu
303000000654,zhangfen-lahuo
303000000655,zhangfen-fanquan
303000000656,zhangfen-fanpicture
303000000657,zhangfen-niu_redrain
303000000658,zhangfen-niu_lahuo
303000000659,zhangfen-niu_fanquan
303000000660,zhangfen-niu_fanpicture
303000000661,zhangfen-red_fanquan
303000000662,zhangfen-red_fanpicture
303000000663,zhangfen-red_lahuo
303000000664,zhangfen-fanquan_lahuo
303000000665,zhangfen-fanpicture_lahuo
303000000666,zhangfen-niu_red_fanquan
303000000667,zhangfen-niu_red_fanpicture
303000000668,zhangfen-niu_red_lahuo
303000000669,zhangfen-red_fanquan_lahuo
303000000670,zhangfen-red_fanpicture_lahuo
303000000671,zhangfen-niu_fanquan_lahuo
303000000672,zhangfen-niu_fanpicture_lahuo
303000000673,zhangfen-niu_red_fanquan_lahuo
303000000674,zhangfen-niu_red_fanpicture_lahuo
303000000675,zhangfen-niu_qipao
303000000676,zhangfen-qipao_fanquan
303000000677,zhangfen-qipao_fanpicture
303000000678,zhangfen-qipao_lahuo
303000000679,zhangfen-niu_qipao_fanquan
303000000680,zhangfen-niu_qipao_fanpicture
303000000681,zhangfen-niu_qipao_lahuo
303000000682,zhangfen-qipao_fanquan_lahuo
303000000683,zhangfen-qipao_fanpicture_lahuo
303000000684,zhangfen-niu_qipao_fanquan_lahuo
303000000685,zhangfen-niu_qipao_fanpicture_lahuo
303000000686,zhiboliu-niudong
303000000687,zhiboliu-yaodong
303000000688,zhiboliu-redyu
303000000689,zhiboliu-qipaoyu
303000000690,zhiboliu-lahuo
303000000691,zhiboliu-fanquan
303000000692,zhiboliu-fanpicture
303000000693,zhiboliu-niu_redrain
303000000694,zhiboliu-niu_lahuo
303000000695,zhiboliu-niu_fanquan
303000000696,zhiboliu-niu_fanpicture
303000000697,zhiboliu-red_fanquan
303000000698,zhiboliu-red_fanpicture
303000000699,zhiboliu-red_lahuo
303000000700,zhiboliu-fanquan_lahuo
303000000701,zhiboliu-fanpicture_lahuo
303000000702,zhiboliu-niu_red_fanquan
303000000703,zhiboliu-niu_red_fanpicture
303000000704,zhiboliu-niu_red_lahuo
303000000705,zhiboliu-red_fanquan_lahuo
303000000706,zhiboliu-red_fanpicture_lahuo
303000000707,zhiboliu-niu_fanquan_lahuo
303000000708,zhiboliu-niu_fanpicture_lahuo
303000000709,zhiboliu-niu_red_fanquan_lahuo
303000000710,zhiboliu-niu_red_fanpicture_lahuo
303000000711,zhiboliu-niu_qipao
303000000712,zhiboliu-qipao_fanquan
303000000713,zhiboliu-qipao_fanpicture
303000000714,zhiboliu-qipao_lahuo
303000000715,zhiboliu-niu_qipao_fanquan
303000000716,zhiboliu-niu_qipao_fanpicture
303000000717,zhiboliu-niu_qipao_lahuo
303000000718,zhiboliu-qipao_fanquan_lahuo
303000000719,zhiboliu-qipao_fanpicture_lahuo
303000000720,zhiboliu-niu_qipao_fanquan_lahuo
303000000721,zhiboliu-niu_qipao_fanpicture_lahuo
303000000722,caijian-niudong
303000000723,caijian-yaodong
303000000724,caijian-redyu
303000000725,caijian-qipaoyu
303000000726,caijian-lahuo
303000000727,caijian-fanquan
303000000728,caijian-fanpicture
303000000729,caijian-niu_redrain
303000000730,caijian-niu_lahuo
303000000731,caijian-niu_fanquan
303000000732,caijian-niu_fanpicture
303000000733,caijian-red_fanquan
303000000734,caijian-red_fanpicture
303000000735,caijian-red_lahuo
303000000736,caijian-fanquan_lahuo
303000000737,caijian-fanpicture_lahuo
303000000738,caijian-niu_red_fanquan
303000000739,caijian-niu_red_fanpicture
303000000740,caijian-niu_red_lahuo
303000000741,caijian-red_fanquan_lahuo
303000000742,caijian-red_fanpicture_lahuo
303000000743,caijian-niu_fanquan_lahuo
303000000744,caijian-niu_fanpicture_lahuo
303000000745,caijian-niu_red_fanquan_lahuo
303000000746,caijian-niu_red_fanpicture_lahuo
303000000747,caijian-niu_qipao
303000000748,caijian-qipao_fanquan
303000000749,caijian-qipao_fanpicture
303000000750,caijian-qipao_lahuo
303000000751,caijian-niu_qipao_fanquan
303000000752,caijian-niu_qipao_fanpicture
303000000753,caijian-niu_qipao_lahuo
303000000754,caijian-qipao_fanquan_lahuo
303000000755,caijian-qipao_fanpicture_lahuo
303000000756,caijian-niu_qipao_fanquan_lahuo
303000000757,caijian-niu_qipao_fanpicture_lahuo
303000000758,c-card19huangdong
303000000759,c-card29huangdong
303000000760,c-card72huangdong
303000000761,c-card93huangdong
303000000762,c-card74huangdong
303000000763,c-card95huangdong
303000000764,c-card87huangdong
304000000291,zhangfen-kaipingneixunhuan
304000000292,zhangfen-kaipingneixunhuan2
